Game.ID,White,Black,Date.of.Game,Winner,Time.Control,Opening,Black.ELO,White.ELO,Termination,Variant,Game.Movelist,Num.Moves
425255ce43f2f20543dd296041f79498a2343451,manoghn,Kingmoze,2021.09.22,Black,600+0,Alekhine Defense,866,933,Time forfeit,Standard,"e4,Nf6,f3,d5,Qe2,Nc6,Qd3,e6,e5,Nb4,Qc3,d4,Qb3,Nfd5,Bb5+,Bd7,Bc4,Nf4,Qxb4,Bxb4,c3,Bc5,d3,Nxd3+,Kd1,Nxc1,Kxc1,Qg5+,f4,Qxg2,Ne2,Qxh1+,Ng1,Qxg1+,Kc2,Qxh2+,Kc1,Qxf4+,Kc2,Qf2+,Kd1,Ba4+,b3,Qf3+,Kc2,dxc3,bxa4,Rd8,Nxc3,Qf5+,Bd3,Qxe5,Re1,Qh2+,Re2,Qf4,Rd2,Ke7,a5,Rd6,a6,bxa6,a4,Rhd8,a5,Rxd3,Rxd3,Rxd3,Kxd3,Qd4+,Kc2,f5,Kb3,f4,Ne2,Qd3+,Nc3,f3,Kb2,f2,Nd1,Qxd1",82
fe4920f281a8a01d93d4b809d62f57e7d4cf3862,Soar_caleb,manoghn,2021.09.22,White,600+0,Caro-Kann Defense,943,1029,Normal,Standard,"d4,d5,Nc3,c6,e4,e6,e5,b5,b4,a5,Nxb5,cxb5,Bxb5+,Bd7,Bxd7+,Qxd7,bxa5,Rxa5,Bd2,Ra3,Nf3,Qa4,O-O,Bb4,Bxb4,Qxb4,Rb1,Qc3,Rxb8+,Ke7,Rb7+,Ke8,Ng5,Qc8,Nxf7,Qxb7,Nxh8,Qf7,Nxf7,Nf6,Nd6+,Ke7,Nc8+,Kd8,Qc1,Rd3,exf6,gxf6,Rd1,Rxd4,Rxd4,e5,Rxd5+,Kxc8,c4,Kc7,c5,Kc6,Rd8,Kc7,Qd1,Kc6,Qd6+,Kb5,Rb8+,Kc4,c6,Kc3,c7,Kc2,c8=Q#",71
2f1c906c1df2508e1715f17c280efe9d9c294a2c,manoghn,Vlad1407,2021.09.22,Black,600+0,Alekhine Defense,937,970,Normal,Standard,"e4,Nf6,f3,Nc6,g4,b6,h4,a5,g5,b5,gxf6,gxf6,h5,b4,d3,a4,a3,bxa3,bxa3,e6,h6,d5,Rh5,dxe4,fxe4,f5,exf5,exf5,Rg5,Bxh6,d4,Bxg5,Bxg5,Qxg5,Qe2+,Kd8,Nc3,Qxg1",38
fc8acf3b9cdc39d89bafe3428f050f46f32bc811,manoghn,Sumrak23,2021.09.22,Black,600+0,Alekhine Defense,1000,983,Normal,Standard,"e4,Nf6,f3,d5,d3,e5,f4,exf4,d4,dxe4,Bxf4,h6,Bb5+,Ke7,Qd2,g5,Qb4+,Ke6,Qc4+,Kf5,Be3,Kg6,Ba4,Be6",24
183bfef9f7b90bf36207989984428e3b1535d7eb,Arassaykal,manoghn,2021.09.22,White,600+0,"Ruy Lopez: Exchange Variation, Lutikov Variation",1002,943,Normal,Standard,"e4,e5,Nf3,Nc6,Bb5,a6,Bxc6,bxc6,Nxe5,d6,Nxc6,Qd7,Nd4,Qf5,Nxf5",15
241f2be036c8932f60e996556e820cc8e97f918f,manoghn,Sailajag996,2021.09.22,Black,600+0,Mikenas Defense,1000,1037,Normal,Standard,"d4,Nc6,e3,e5,f4,exd4,exd4,Qe7+,Be2,d5,f5,Nf6,h4,Bxf5,Bg5,Qb4+,Nd2,Bd6,c3,Qxb2,Rb1,Qxa2,Rxb7,Bc2,Qc1,Ba3,Rb2,Qxb2,Qxb2,Bxb2,Nc4,Ba3,Nxa3,Ne4,Nxc2,Nxc3,Ne3,O-O,Nxd5,Nxd5,Bc4,Ndb4,h5,Rfe8+,Ne2,Nc2+,Kd2,N2xd4,Rf1,Nxe2,Bxf7+,Kh8,h6,Re7,hxg7+,Kxg7,Bh6+,Kxh6,Bd5,Rd8,Rh1+,Kg5,Kc2,Ned4+,Kc3,Rxd5,g4,Rc5+,Kd3,Rce5,Rh5+,Kxg4,Rxe5,Rxe5,Kc4,a5,Kc3,a4,Kb2,Rb5+,Ka3,Ra5,Ka2,a3,Ka1,a2,Kb2,a1=Q#",88
06b989747de052ca3482f2b949bbdd4aac782609,Aubade2000,manoghn,2021.09.22,White,600+0,Queen's Pawn Game: Mason Variation,1054,1071,Normal,Standard,"d4,d5,Bf4,Nf6,e3,Ne4,Nf3,e6,Na3,Be7,Nb5,Bh4,Nxh4,Nxf2,Kxf2,Qxh4+,g3,Qh6,Nxc7+,Kd7,Bxh6,gxh6,Nxa8,Rg8,Bb5+,Nc6,Bxc6+,bxc6,b4,Bb7,Rb1,Bxa8,b5,Rb8,a4,cxb5,axb5,a5,Qe2,f5,c4,dxc4,Qxc4,f4,Qa4,fxg3+,hxg3,Rf8+,Ke2,Bf3+,Kd3,h5,Rxh5,Bxh5,b6+,Kd8,Qxa5,Bg6+,e4,Rf3+,Kd2,Rxg3,Qa8+,Ke7,b7,Bxe4,Qa7,Rd3+,Kc1,Bf3,b8=Q+,Kf6,Qf4+,Kg6,Qxf3,Rc3+,Qxc3,e5,dxe5,h5,Qa8,h4,Qf8,h3,Qg3+,Kh5,Qh8#",87
274e18cddf24e81f1ed6813d20126a63a996f7df,manoghn,kevin6969,2021.09.22,Black,600+0,Scotch Game: Göring Gambit,950,1081,Normal,Standard,"e4,e5,Nf3,Nc6,d4,exd4,c3,dxc3,bxc3,Nf6,Ng5,h6,e5,Nxe5,Nf3,d6,g4,Nfxg4,Nh4,Nf6,Qb3,Be6,c4,Be7,Qxb7,Qb8,Qc6+,Nxc6,c5,dxc5,Bg5,Qb4+,Nd2,hxg5,Nf3,g4,Ng5,Qb2,Bd3,Qxa1+,Nb1,Qe5+,Be4,Nxe4,Nxe4,Qxe4+,Kd2,Bg5+,f4,Qxh1,Nc3,Bxf4+,Kd3,Rd8+,Kc2,Rd2#",56
d4e07a494561c577e02a2954d06d93748ce8d7aa,Blu3_Pops1cl3,manoghn,2021.09.22,White,600+0,Three Knights Opening,1082,1071,Normal,Standard,"e4,e5,Nf3,Nc6,Nc3,d6,d4,b5,dxe5,dxe5,Nxb5,a6,Nxe5,Nxe5,Qxd8+,Kxd8,Bf4,Ng4,f3,Bb4+,c3,Ne3,cxb4,Nc2+,Kd1,Nxa1,Nc3,Be6,Be5,Bxa2,Bxg7,Bb3+,Kd2,Rc8,Bxa6,Nc2,Bxc8,Kxc8,Bxh8,Ne7,Bf6,Nc6,Nd5,N6xb4,Nxb4,c5,Nxc2,Bc4,Rc1,Bb3,Na3,c4,Rxc4+,Bxc4,Nxc4,h5,Ne5,h4,Nxf7,h3,gxh3,Kd7,h4,Ke6,h5,Kxf6,h6,Kxf7,h7,Kg7,b4,Kxh7,b5,Kg8,b6,Kf8,b7,Ke8,b8=Q+,Kd7,Qb6,Kc8,e5,Kd7,f4,Ke7,h4,Kd7,f5,Ke7,h5,Kf7,h6,Kg8,f6,Kh7,e6,Kxh6,e7,Kh7,e8=Q,Kh6,f7+,Kg7,f8=Q+,Kh7,Kc1",107
1a78469c8756714bb4fa2f9d8f996f1dc5a9afd9,FlorDelDesierto,manoghn,2021.09.22,White,600+0,Van Geet Opening,1082,1073,Normal,Standard,"Nc3,c6,d4,d5,Bf4,f6,Nf3,g5,Bg3,h6,Qd3,g4,Qg6+,Kd7,Qxg4+,Ke8,Qh5+,Kd7,Bf4,e5,Nxe5+,fxe5,Bxe5,Be7,Bxh8,Nf6,Bxf6,Bxf6,Qf5+,Ke7,Qh7+,Ke8,g3,Qd7,Qxh6,Qg4,Bh3,Qf3,exf3,Bxd4,Qh8+,Ke7,Bxc8,Nd7,Bxb7,Rxh8,Bxc6,Rh5,g4,Re5+,Ne2,Bxb2,Rd1,Nc5,O-O,Rxe2,Bxd5,Rxc2,Rb1,Bc3,Be4,Bd4,Bxc2,Bxf2+,Kxf2,a5,Rfe1+,Ne6,h4,a4,Bxa4,Kf7,h5,Ng7,g5,Nxh5,Rb7+,Kg6,Re6+,Kxg5,Re5+,Kf4,Rxh5",83
59e8c620f8246218386cd2c6970b0efbb43d58cc,manoghn,JcobOY34,2021.09.22,Black,600+0,Ponziani Opening,1075,1108,Time forfeit,Standard,"e4,e5,Nf3,Nc6,c3,f6,d4,exd4,cxd4,Nge7,d5,Ne5,Nh4,d6,Nf5,Nxf5,exf5,Bxf5,Qh5+,g6,Qe2,Bxb1,Rxb1,Qe7,Qb5+,Qd7,Qxb7,Qc8",28
9b6fa7cdba66d55588bee5f69085f068031f3501,Ertu2015,manoghn,2021.09.22,Black,600+0,Queen's Pawn Game,1093,936,Normal,Standard,"d4,d5,e3,b6,g4,c5,Bg2,e6,e4,Nc6,exd5,exd5,c4,Nxd4,cxd5,Bf5,gxf5,Nxf5,d6,Bxd6,Bxa8,Nh4,Bc6+,Kf8,Nh3,Qe8+,Kf1,Qxc6,Ng5,Qg2+,Ke2,Qf3+,Nxf3,Ng2,Nc3,c4,Qxd6+,Ke8,Qe5+,Ne7,Nd4,f6,Qb8+,Kf7,Ne4,Rxb8,Nd6+,Kf8,Rg1,Nf4+,Bxf4,Rd8,Rg2,Ng6,Rag1,Nxf4+,Kf3,g5,Rg4,Ne2,Nxe2,Rxd6,R1g3,Rd3+,Kg2,Rd2,Nc3,Rxb2,Re3,Rxa2,Nxa2,b5,Rge4,a5,Re8+,Kf7,R3e7+,Kg6,Nc3,b4,Rg8+,Kf5,Rxh7,bxc3,Rh5,c2,Rh3,c1=Q,Rf3+,Ke4,Re8+,Kd4,Rxf6,Kc3,Rg8,a4,Rf5,a3,Rfxg5,a2,Ra8,a1=Q,Rga5,Qab2,h4,Qe1,R5a6,Qbxf2+,Kh3,Qh1+,Kg4,Qhxh4#",112
cbe50cb3e924a9833f5cd31756f18611f5587cd2,manoghn,QuickGrasshopper,2021.09.22,White,600+0,Scandinavian Defense: Mieses-Kotroc Variation,950,1076,Normal,Standard,"e4,d5,exd5,Qxd5,b3,Qd8,Bc4,e6,Qf3,Bd7,d4,Bc6,d5,Bxd5,Bb5+,Bc6,Bd3,Bxf3,gxf3,Nc6,c3,Nb4,cxb4,c5,b5,b6,Nc3,a6,Ne4,e5,h4,Qxd3,Ng5,Qd8,f4,Be7,h5,axb5,fxe5,Kf8,e6,Bxg5,exf7,Nf6,Ba3,Kxf7,Bxc5,Ke8,Bb4,Nxh5,a4,Be7,axb5,Bxb4+,Kf1,Qd3+,Kg2,Qg6+,Kf1,Rd8,Re1+,Kf8,Nh3,Kg8,Nf4,Rf8,Nxg6,Rf7,Re8+,Rf8,Rxf8+,Bxf8,Nh4,Nf6,Nf5,Nd7,Rh4,Nf6,Rd4,Nh5,Nh4,Ng3+,fxg3,Be7,Nf5,Bf8,Rd7,h5,Ne7+,Bxe7,Rxe7,Kf8,Re6,Rh6,Re4,Re6,Rxe6,g5,Re4,h4,gxh4,gxh4,Rxh4,Ke8,Rh6,Kd7,Rxb6,Ke8,Ra6,Ke7,b6,Ke6,b7+,Ke5,b8=Q+,Kf5,Ra5+,Kf6,Qe5+,Kg6,Qg5+,Kf7,Qf5+,Ke7,Ra6,Kd8,Ra7,Ke8,Qf7+,Kd8,Qd7#",131
6f615437e57dad0a20a1a037348dad2d9bf42460,prepossession,manoghn,2021.09.20,White,600+0,Mikenas Defense,1101,1140,Normal,Standard,"d4,Nc6,Nf3,f6,Bf4,Ne5,e3,g5,Bxe5,fxe5,dxe5,g4,Ng5,Nh6,Bd3,Rg8,Nxh7,Bg7,f4,gxf3,Qxf3,Bxe5,O-O,e6,Bg6+,Rxg6,Qh5,Nf7,Qxg6,Qh4,Qxf7+,Kd8,Qf8#",33
5939e5a78c979f63823b36159cc6bbe85d1b7c3e,manoghn,sunshine2772,2021.09.20,Black,600+0,Russian Game,1172,1128,Normal,Standard,"e4,e5,Nf3,Nf6,d3,Nc6,g4,d6,g5,Ng4,Bh3,Nxf2,Qe2,Nxh1,Qg2,Nf2,Qxf2,Bxh3,Ng1,Be6,Nh3,Nd4,g6,hxg6,Ng5,Nf5,exf5,Bd5,f6,gxf6,Nxf7,Bxf7,d4,Qe7,Qe3,f5,Qd3,Rxh2,Qb5+,c6,Qxb7,Qxb7,dxe5,Rh1+,Kd2,Qb4+,c3,Qf4+,Kc2,Qxc1+,Kd3,dxe5,Nd2,Qxa1,Nc4,e4+,Kd4,Qd1+,Ke5,Bd6+,Kf6,Be7+,Kg7,Bf8+,Kf6,Qd8+,Ke5,Bg7+,Kf4,Rf1+,Kg3,Qc7+,Kh4,Bf6+,Kh3,Bxc4,b3,Qh7+,Kg2,Qh1+,Kg3,Rf3#",82
67ea05bb33dfbed6da7dc87a68cc76f2aca78fba,manoghn,evgenui-13091986,2021.09.20,Black,600+0,Queen's Pawn Game: Chigorin Variation,1181,1159,Normal,Standard,"d4,d5,Nc3,c6,f3,e6,e4,dxe4,fxe4,f6,Qh5+,g6,Qh4,Qxd4,Nge2,Qc5,Qg4,f5,Qg5,Bh6,Na4,Qd4,b3,Qxa1,Qg3,Qxa2,Qd3,Bxc1,Qd6,Ba3,Qc7,Qa1+,Kf2,Ne7,Nd4,Na6,Qe5,Rf8,Qxe6,Bxe6,Nxe6,Rf6,Ng7+,Kd7,Nb6+,Kd6,Nxa8,Qd4+,Ke1,Bb4+,c3,Qxc3+,Kf2,Qd4+,Kf3,fxe4+,Kg4,e3+,Kg5,Qe5+,Kh6,Qh5+,Nxh5,gxh5+,Kxh7,h4,h3,Bc3,Be2,Rf7+,Kh6,Rg7,Rd1+,Ke5,Kxg7,Nf5+,Kg6,Ng3,Bf3,Kf4,Rd8,Nc5,Rf8+,Ke5,Nc7,Ne6,Rf5+,Kd6,Ne8+,Ke7,Nf6,Nxf5,g4,Ng3,g5,Nf8+,Kg7,Ne6+,Kg6,Nf8+,Kg7,Nf5+,Kg8,Ng6,Be4,Bxf6,Bxf5,Bxg5,Bxg6,e2,Bd3,e1=Q,Bg6,Qf1,Bf7,Qxf7+,Kh8,Bf6#",118
d0666cd2bb42f65168879d57e103b1f4b66734f0,nitindeora,manoghn,2021.09.20,White,300+0,Bishop's Opening: Philidor Counterattack,1500,1426,Normal,Standard,"e4,e5,Bc4,c6,Qf3,d5,exd5,f6,dxc6,bxc6,a3,Ne7,d3,Nd7,Ne2,Nc5,O-O,Nxd3,Bxd3,e4,Bxe4,Ng6,Bxc6+,Bd7,Bxa8,Bb5,Qe4+,Ne5,Bf4,Bd6,Bxe5,Bxe5,c3,Bd3,Qc6+,Kf8,Re1,f5,Nd4,Bf4,Ne6+,Kf7,Nxd8+,Rxd8,Qb7+,Kg8,g3,Rd6,Re8#",49
c6f67bd202cd63f915d119f48cfa9e82bfb5cb80,Daverov,manoghn,2021.09.20,White,600+0,King's Pawn Game: Wayward Queen Attack,1194,1199,Normal,Standard,"e4,e5,Qh5,g6,Qxe5+,Ne7,Qxh8,Nd5,Qe5+,Ne7,Nf3,d6,Qh8,f5,exf5,Nxf5,Qxh7,Qe7+,Qxe7+,Bxe7,Nc3,b5,Nd5,Bd8,Bxb5+,c6,Bxc6+,Nxc6,b3,Ba6,Ba3,Ba5,Bxd6,O-O-O,Ne7+,Kd7,Nxf5,Re8+,Kd1,Be2+,Kc1,gxf5,Bc5,Rc8,Re1,Bb5,Nd4,Ba6,Nxf5,Kc7,Ne7,Rd8,b4,Nxb4,Bxb4,Bxb4,Re5,Bxd2+,Kd1,Bc3+,Rd5,Bxa1,h4,Bc4,Rd2,Bc3,Rxd8,Kxd8,Nc6+,Kc7,Nxa7,Kb7,h5,Kb6,Nc8+,Kb5,Nd6+,Kb4,Nxc4,Kxc4,g4,Kd4,h6,Ke4,g5,Kf5,g6,Kxg6,a4,Kxh6,Ke2,Kg5,Kd3,Bb4,Kc4,Ba5,Kb5,Bc3,a5,Bd4,a6,Kf6,c4,Ke6,c5,Kd5,a7,Bxc5,a8=Q+,Kd4,Qa4+,Kd5,Qc4+,Kd6,Qxc5+,Ke6,f4,Kf6,f5,Kf7,Qc6,Kg7,f6+,Kg6,Qe6,Kg5,f7,Kh5,f8=Q,Kh4,Qff5,Kg3,Qee4,Kh2,Qff3,Kg1,Qee3+,Kh2,Qfe2+,Kh1,Qc1#",141
8514566b2f08fb6c211c55d4d2d4beb8b7a2c7fd,dosa15,manoghn,2021.08.19,White,600+5,Queen's Pawn Game: Chigorin Variation,1194,1615,Normal,Standard,"d4,d5,Nf3,Nc6,Bf4,e5,dxe5,Nb4,c3,Na6,e3,Bf5,Nbd2,Nc5,Nb3,Na4,Nfd4,Nxb2,Qc1,Nd3+,Bxd3,Bxd3,Qd1,c5,Qxd3,cxd4,Nxd4,Qa5,O-O,Nh6,Rab1,b6,Nb5,Rb8,Qxd5,a6,Nc7+,Ke7,Bg5+,f6,exf6+,gxf6,Qe6+,Kd8,Bxf6+,Kxc7,Bxh8,Qg5,Be5+,Kd8,Bxb8,Qh4,Qxb6+,Ke8,Qe6+,Be7,Rb7,Ng4,Qg8+,Bf8,Qf7+,Kd8,Qd7#",63
9adc5a0498fd50e03467fccefb6af2fcc1532f76,manoghn,Spacemidget,2021.08.19,White,600+0,French Defense,1000,1174,Normal,Standard,"e4,e6,f3,Bd6,h3,Nh6,Qe2,Bg3+,Kd1,Bh4,g3,Bxg3,Qg2,Qg5,h4,Qf4,Rh3,Bxh4,Qxg7,Bf6,Ne2,Qe5,Rh5,Qxh5,Qxf6,Qh1,Qxh8+,Ke7,Ng3,Qxf3+,Be2,Qxg3,d3,Qg1+,Kd2,Qg5+,Kd1,Qg1+,Kd2,Ng4,b3,Nf2,Ba3+,d6,Qxc8,Qg5+,Ke1,Qg1+,Kd2,Nxe4+,dxe4,Qd4+,Bd3,Qxa1,Qxc7+,Nd7,Qxd6+,Kd8,Bb5,Qd4+,Qxd4,Kc8,Qxd7+,Kb8,Bd6#",65
ac4092338577809d55e2b5a754d19b21b3cbe897,manoghn,dosa15,2021.08.19,Black,600+5,Ponziani Opening,1615,1174,Normal,Standard,"e4,e5,Nf3,Nc6,c3,Bc5,d4,exd4,cxd4,Bb4+,Bd2,Nf6,d5,Nxe4,dxc6,Bxd2+,Nbxd2,Qe7,Nc4,Nc3+,Nfe5,Nxd1,cxd7+,Bxd7,Rxd1,O-O-O,f4,Bb5,b3,f6,a4,Bxc4,bxc4,fxe5,f5,Qb4+,Rd2,Qxd2#",38
e9a8cb9cfc56cdcb57fc851e29de838deb183bbb,bourt4278,manoghn,2021.08.19,White,600+5,Philidor Defense,1220,1149,Normal,Standard,"e4,e5,Nf3,d6,d4,Nc6,d5,Nb4,Bd2,a5,a3,Na6,b4,b6,b5,Nc5,Nc3,a4,Be3,c6,Bxc5,bxc5,bxc6,c4,Nd2,Ba6,Rb1,g6,Nxa4,Bh6,Nb6,Nf6,Ndxc4,Bg5,Bd3,Ng4,Qxg4,f5,Qe2,Bh4,g3,Bg5,f4,exf4,gxf4,Bh4+,Kd1,g5,fxg5,Qxg5,exf5+,Qe7,Qxe7+,Kxe7,Rf1,Rhg8,f6+,Ke8,Nxd6+,Kd8,Bxa6,Rxa6,f7,Rf8,Rg1,Kc7,Nbc4,Ra4,Rb7+,Kd8,Ne5,Rd4+,Nd3,Rxd5,Rb8+,Ke7,Re1+,Kxd6,Re3,Rxb8,c4,Rb1+,Kc2,Rb6,cxd5,Rb8,Re8,Be7,Rg8,Kc7,Rg7,Bxa3,Rg8,Rb2+,Kc3,Rb1,f8=Q,Bxf8,Rxf8,h5,Rh8,Rh1,Rxh5,Rd1,Nf4,Re1,h3,Rc1+,Kd2,Ra1,Rh8,Ra2+,Ke3,Ra3+,Ke4,Ra4+,Kf5,Ra5,h4,Ra4,h5,Ra1,h6,Rh1,Kg6,Rh4,Nh5,Re4,h7,Re5,Rf8,Re7,h8=Q,Re6+,Rf6,Kd6,dxe6,Ke5,Qe8,Ke4,Rf5,Ke3,Qd7,Ke2,Qd4,Ke1,Rf3,Ke2,Rh3,Kf1,Qd2,Kg1,Qe1+,Kg2,Rh1,Kf3,Qf1+,Kg4,Rg1+,Kh4,Qf4+,Kh3,Qg3#",163
3d9e4fbeb3f4a287294741ea71da416eaae482e8,MahirChamps,manoghn,2021.08.19,White,600+0,English Opening: Caro-Kann Defensive System,1257,1311,Normal,Standard,"c4,c6,d3,Na6,Nf3,Nc5,g3,b5,Na3,a5,Nd4,a4,cxb5,Nb3,Nxb3,axb3,Qxb3,e6,Bg2,Rb8,Bf4,Rxb5,Nxb5,cxb5,Qxb5,Ne7,O-O-O,Qc7+,Kb1,Nd5,Bxc7,Ke7,Qc5+,Ke8,Qe3,Nxe3,fxe3,Bb4,Be5,Bb7,Bxb7,Ke7,Bxg7,Rb8,Be4,Bc3,Bxc3,Rxb2+,Bxb2,d5,Bg2,e5,d4,e4,Ba3+,Ke6,Rc1,f5,Rhf1,h5,Rc6+,Kd7,Rfc1",63
a2ffc883dd9fc37387d6de0bab319e813a25735f,manoghn,Vreddiwar,2021.08.19,Black,600+0,Ponziani Opening: Jaenisch Counterattack,1321,1304,Normal,Standard,"e4,e5,Nf3,Nc6,c3,Nf6,d4,exd4,cxd4,Nxe4,Qe2,Qe7,d5,Na5,h4,Nd6,Ng5,Qxe2+,Bxe2,Be7,f4,Bxg5,fxg5,O-O,h5,Re8,g6,fxg6,hxg6,h6,b4,Nac4,a4,Ne5,Be3,Nxg6,Bd3,Rxe3+,Be2,Nf4,O-O,Nxe2+,Kf2,Re8,Ke1,Ng3+,Kd1,Nxf1,Na3,Ng3,Kc2,c5,b5,a6,b6,Nge4,Rd1,Nf7,Nc4,d6,Rf1,g6,Rf4,Bf5,g4,Bd7,Rxf7,Kxf7,Nxd6+,Nxd6,g5,hxg5,a5,g4",74
e0abb02f413bcd3bfd4e93843d95e5c9e9d8187b,GuerMan,manoghn,2021.08.19,White,600+0,King's Pawn Game: Wayward Queen Attack,1363,1354,Normal,Standard,"e4,e5,Qh5,g6,Qxe5+,Be7,Qxh8,f5,Qxg8+,Bf8,Bc4,c6,Qf7#",13
4a971cb447ea62de8ce33b5e459ac25500d5166c,manoghn,Bobby0531,2021.08.19,White,600+0,Russian Game,1306,1285,Normal,Standard,"e4,e5,Nf3,Nf6,d3,d6,h3,Be7,g4,d5,g5,Nh5,h4,h6,Rg1,hxg5,hxg5,Nf4,g6,Nxg6,exd5,Qxd5,Be2,Bg4,Rxg4,Nf4,c4,Qa5+,Nbd2,Nxe2,Qxe2,Rh1+,Rg1,f5,Rxh1",35
ed400f88ce9f1f25367acc725cad757795439327,manoghn,Atul17,2021.08.16,Black,600+0,Ponziani Opening: Jaenisch Counterattack,1185,1285,Time forfeit,Standard,"e4,e5,Nf3,Nc6,c3,Nf6,d3,b6,g4,Nxg4,d4,exd4,cxd4,Bb4+,Bd2,Qf6,e5,Bxd2+,Nbxd2,Qf4,h3,Nh6,Rg1,O-O,Qc2,Bb7,Bd3,Nxd4,Bxh7+,Kh8,Nxd4,Qh2,O-O-O,Qxf2,Rgf1,Qxd4,Nf3,Qf4+,Qd2,Qxd2+,Rxd2,g6,Ng5,Kg7,Rxd7,Rad8,Rdxf7+,Kh8,Rxf8+,Kg7",50
cebc56390359f63e76b0d327929b58e885d673b5,smeggi,manoghn,2021.08.15,White,600+0,Ponziani Opening,1372,1363,Normal,Standard,"e4,e5,Nf3,Nc6,c3,b5,d4,f6,dxe5,fxe5,Bg5,Be7,Qd5,Bxg5,Bxb5,Nge7,Qb3,Bf4,g3,Bg5,h4,Bh6,Nbd2,d5,O-O-O,dxe4,Kb1,Nf5,Bxc6+,Bd7,Bxa8,Qxa8,Nxe4,Qc8,Nxe5,c6,Qf7+,Kd8,Rxd7+,Qxd7,Qxd7#",41
21cfd9bf85f6dd2bf2bacd21d3bf1a58368d8a8c,manoghn,Eremite81,2021.08.15,Black,600+0,Scandinavian Defense,1493,1478,Normal,Standard,"e4,d5,f3,dxe4,fxe4,Nc6,Nf3,Nf6,d3,Bg4,h3,Bxf3,Qxf3,Nd4,Qf2,e5,Be3,Bc5,c3,Ne6,b4,Bxe3,Qxe3,Nh5,Be2,Nhf4,g3,Ng2+,Kf2,Nxe3,Kxe3,Qg5+,Kf2,O-O-O,h4,Qf6+,Bf3,g5,g4,gxh4,Nd2,Nf4,Bd1,Nxd3+,Ke3,Qf2#",46
b8c7685ac087b0fb897768c58fb866dd5a1ebded,c_v-com,manoghn,2021.08.15,Black,600+0,Rat Defense: English Rat,1357,1247,Time forfeit,Standard,"d4,e5,c4,d6,dxe5,dxe5,Qxd8+,Kxd8,Nc3,Nf6,Bg5,h6,Bxf6+,gxf6,O-O-O+,Bd7,Nf3,b5,cxb5,a6,e4,axb5,Bxb5,c6,Ba4,c5,Rd2,Kc8,Bxd7+,Kd8,Rhd1,Ra7,Bf5+,Kc7,Nb5+,Kb6,Nxa7,Kxa7,Rd8,Bg7,Rxh8,Bxh8,Nd2,Nc6,Nc4,Nb4,Kb1,Bg7,a3,Nc6,Rd6,Ne7,Rd7+,Ka6,Rxe7,h5,Re8,Bh6,a4,Bf4,g4,hxg4,Bxg4,f5,Bxf5,Bxh2,Ra8+,Kb7,Ra5,Kc6,Rb5,Bg1,f3,Bd4,Rb6+,Kc7,a5,Bc3,a6,Ba5,Rf6,Kb8,Rxf7,Bc7,Bd7,Ka7,Rf6,Bd8,Bc8,Bxf6,Nd6,Be7,Nb5+,Kb8,Be6,Bd8,a7+,Ka8",98
f427bf012b988dbe8e4e8ecfd7b3c35f3b0060ed,winyer_241,manoghn,2021.08.15,White,600+0,"Italian Game: Two Knights Defense, Modern Bishop's Opening",1500,1688,Normal,Standard,"e4,e5,Nf3,Nc6,Bc4,Nf6,d3,d6,c3,a6,a4,a5,O-O,Rb8,Nbd2,b5,axb5,Na7,Rxa5,Ra8,Ng5,c6,Nxf7,Rg8,Nxd8,Bg4,f3,d5,exd5,e4,dxc6,exf3,gxf3,Bh3,Re1+,Be7,Bxg8,Ng4,fxg4,Rxd8,Rxa7,Rxd3,Raxe7+,Kf8,Re8#",45
d0f34aad8ba0d4d3981f872c26504a651d4f2f41,manoghn,SHVlader,2021.08.15,Black,60+0,King's Knight Opening: Normal Variation,743,855,Time forfeit,Standard,"e4,e5,Nf3,Nc6,Ng5,Nf6,Qf3,Qe7,c3,d6,d4,Bg4,Qf5,Bxf5,exf5,h6,Nh3,exd4+,Be2,dxc3,Nxc3,d5,Nb5,a6,Nxc7+,Kd7,Nxa8,Nd4,Nb6+,Kc7,Na8+,Kb8",32
fa691c5267a6c56364060017738a19df99c7728f,manoghn,PabloRetana,2021.08.15,Black,60+0,Sicilian Defense: Bowdler Attack,1167,1500,Time forfeit,Standard,"e4,c5,Bc4,e6,Qf3,d5,Bb5+,Nd7,Nh3,a6,Ba4,b5,Bb3,c4,Ba4,bxa4,Ng5,f6,Nh3,Bb7,d4,dxe4,Qxe4,Bxe4,Bg5,fxg5,Nxg5,Be7,f3,Bxg5,f4,Bxf4,Rf1,Qf6,Rf3,Bxf3,gxf3,Nh6,h4,Qxh4+",40
41bd98e8ea01ef93dbe8468d07dd624f96346d2a,manoghn,dosa15,2021.08.15,Black,600+5,Russian Game,1615,1500,Normal,Standard,"e4,e5,Nf3,Nf6,d3,Bc5,Nxe5,Nc6,Nf3,O-O,c3,d5,d4,Bb6,e5,Ne4,Qe2,Bg4,h3,Bh5,g4,Bg6,Nh4,Qxh4,Be3,f5,Bg2,f4,Bd2,f3,Qxf3,Rxf3,Na3,Qxf2+,Kd1,Qxd2#",36
9fef8ee4045d8f7770ac30be5bfb0a4d5c5a8527,dosa15,manoghn,2021.08.15,White,600+5,Queen's Pawn Game: Chigorin Variation,1500,1615,Normal,Standard,"d4,d5,Nf3,Nc6,Bf4,e6,e3,f6,c4,e5,dxe5,fxe5,Bg5,e4,Bxd8,Bb4+,Nc3,exf3,cxd5,Bf5,dxc6,bxc6,Bc4,Rxd8,Qa4,Bd6,Qxc6+,Rd7,Nd5,Bb4+,Nxb4,Ne7,Qa8+,Rd8,Bb5+,Kf7,Qxa7,c5,Nd5,Rxd5,O-O,Rd7,Bxd7,Rd8,Bxf5,Rd7,Qxd7,g6,Qe6+,Kf8,Rfd1,Nxf5,Rd8+,Kg7,g4,g5,gxf5,h5,Rd7+,Kh8,Qe8#",61
479a92f57e0595003e2a267d6eedd38be56143f1,Atul17,dosa15,2021.05.19,Black,90+0,Hungarian Opening,1482,1333,Normal,Standard,"g3,d5,Bg2,Nf6,d3,Bf5,Nf3,Nc6,e4,e5,exd5,Nxd5,Nxe5,Nxe5,Bxd5,Qxd5,d4,Nf3+,Ke2,Bg4,Qd3,Nxd4+,Kd2,Qxh1,Qxd4,Qf3,Qe3+,Qxe3+,Kxe3,Be7,Nc3,O-O,Bd2,Bg5+,Ke4,Bxd2,Rb1,Bxc3,bxc3,f5+,Kf4,Rad8,h3,Be2,Ke3,Rfe8+,Kf4,g6,Re1,h6,Rxe2,Rxe2,Kf3,Rdd2,g4,Rxf2+,Ke3,Rxc2,gxf5,gxf5,Kd4,Rxa2,c4,Rf4+,Kc5,Ra5+,Kb4,b6,Kc3,Kf7,Kb4,Ke6,Kc3,Kd6,Kb4,Rd4,Kb3,Kc5,Kc3,Rxc4+,Kd3,Ra3+,Kd2,Rb4,Kc2,Rxh3,Kd2,Kc4,Ke2,Rb2+,Kf1,Rh1#",92
5fb64fade2677a5a286b5eeb308625e8ca07cd43,Atul17,dosa15,2021.05.19,White,90+0,Scandinavian Defense,1482,1333,Time forfeit,Standard,"e4,d5,d3,e5,Nf3,f6,c4,Nc6,cxd5,Nd4,Nxd4,exd4,Bf4,Nh6,Bxh6,gxh6,Qa4+,c6,Qxd4,Bg4,f3,b6,b3,Bc5,Qc3,Bd7,d4,Bxd4,Qxd4,c5,Qd2,O-O,d6,Bc8,d7,Bxd7,Bc4+",37
e35a75749baa4497cf912c60efbe80eb362ec954,manoghn,dosa15,2021.05.19,Black,90+2,Zukertort Opening: Tennison Gambit,1482,?,Normal,Standard,"e4,d5,Nf3,Nf6,d4,dxe4,Bb5+,c6,c4,exf3,O-O,cxb5,Bf4,fxg2,Kxg2,Ne4,Qf3,e5,Qxe4,Bd6,c5,b6,cxd6,Bb7,Qxb7,Qxd6,Qxa8,O-O,Bg5,Qg6,Re1,Qxg5+,Kf1,Nd7,dxe5,Nxe5,b4,Nf3,Qxf3,f5,Qc6,Qh4,Qd5+,Kh8,Qxf5,Rxf5,Nc3,Rxf2+,Kg1,Rc2,Nxb5,Qg4+,Kf1,Qg2#",54
c6b61b7de9addf968092db520114702551b0d7fe,manoghn,dosa15,2021.05.19,Black,90+2,Italian Game: Two Knights Defense,1482,?,Time forfeit,Standard,"e4,e5,Nf3,Nc6,Bc4,Nf6,O-O,Bc5,h3,Nxe4,Ng5,Qxg5,d3,d5,Bxg5,Nxg5,Bxd5,Nd4,Qg4,f6,Qf5,Bxf5,Bxb7,Rb8",24
32d5117d6c2d7609ea939abca7e42f3ce661a503,manoghn,dosa15,2021.05.19,Black,300+5,Alekhine Defense: Scandinavian Variation,1615,?,Normal,Standard,"e4,d5,Nc3,Nf6,f3,e5,Nge2,Nc6,Ng3,Bc5,Bd3,Be6,b3,a6,h4,d4,Na4,O-O,Nxc5,b5,O-O,b4,Bxa6,Qe7,Bb7,Qxc5,d3,Ra7,Bxc6,Qxc6,Ne2,Nh5,c4,bxc3,Ba3,Rxa3,g3,Bh3,Rf2,Qg6,Kh2,Be6,f4,f5,fxe5,f4,Qg1,fxg3+,Nxg3,Nxg3,Qxg3,Rxf2+,Qxf2,Ra5,b4,Rxe5,b5,Qg4,Kh1,Rh5,Qxd4,Rxh4#",62
caac3308f70684379479c1f2e0d3c2b165469ecd,dosa15,shreyansh0809,2021.05.15,White,600+5,Queen's Pawn Game,1259,1594,Normal,Standard,"d4,d6,Nf3,f6,e4,e5,Be3,Na6,c4,c5,d5,Bg4,Nc3,Ne7,Be2,h5,Qa4+,Qd7,Nb5,Nb4,Nxd6+,Kd8,Nf7+,Ke8,Qxd7+,Bxd7,Nxh8,Nc2+,Kd2,Nxa1,Rxa1,g5,h4,Bh6,hxg5,fxg5,Bxg5,Bxg5+,Nxg5,Bg4,Bxg4,hxg4,Nhf7,Kf8,Nxe5,Kg7,Nxg4,Ng6,Rh1,Nf4,Ne6+,Kg6,Nxf4+,Kg5,f3,Kxf4,Ke2,Kg3,Kf1,a6,Rh7,b5,Rc7,bxc4,Rxc5,Rh8,Ne3,Kf4,Ke2,Kg3,Rxc4,Kf4,d6,Rd8,Rd4,Ke5,Nf5,Ke6,Ke3,Ke5,b3,Ke6,Kf4,Kf6,e5+,Ke6,Kg5,Kxe5,g4,Rg8+,Kh4,Rh8+,Kg3,Rd8,b4,Ke6,a4,Ke5,b5,axb5,axb5,Ke6,b6,Rb8,d7,Rxb6,d8=Q,Rb3,Qd5+,Kf6,Qxb3",111
035d5e7d09823ff3119f69f3d52ce16beee2b1d9,Sahitya945,dosa15,2021.05.15,Black,600+5,King's Pawn Game: Napoleon Attack,1594,1601,Normal,Standard,"e4,e5,Qf3,Nf6,Bc4,Nc6,c3,d6,h3,Be7,g4,Be6,Na3,d5,exd5,Nxd5,d3,O-O,Qd1,Bc5,Bxd5,Bxd5,Rh2,Re8,Be3,Bd6,h4,e4,Rh3,Ne5,dxe4,Bxe4,g5,Nd3+,Ke2,Nxb2,Qd2,Bxa3,Qxd8,Raxd8,f3,Bd3+,Kf2,Nc4,Bxa7,b6,Rd1,Bc5+,Kg2,Bf1+,Kxf1,Rxd1+,Kg2,Rxg1+,Kh2,Re2#",56
be0ea18471ebb29851179938bbd270c53c503ff8,worthyhawk1,dosa15,2021.05.15,White,600+5,Vienna Game: Anderssen Defense,1594,1562,Normal,Standard,"e4,e5,Nc3,Bc5,Nf3,Nf6,d3,Nc6,Bg5,d6,h3,h6,Bh4,g5,Bg3,Be6,Qd2,Bb4,a3,Bxc3,Qxc3,Qd7,O-O-O,d5,Nxe5,Nxe5,Qxe5,Qe7,Re1,Nd7,Qxh8+,Nf8,Qxh6,O-O-O,Kb1,Qc5,Qxg5,Ng6,f4,Bd7,Qxd5,Qe7,Qc4,f5,e5,Be6,Qb4,Qd7,Be2,Ne7,Bf3,c6,Bh4,Nd5,Bxd5,Qxd5,Qc4,Qd7,Qc3,Rh8,Bf6,Rh4,Bxh4,Kb8,Rd1,Bd5,Rhe1,Bxg2,e6,Qe8,Qe5+,Kc8,Qxf5,Bd5,c4,Bf3,e7+,Kc7,Qe5+,Kb6,c5+,Kb5,Rc1,Bd5,a4+,Ka5,Qc3+,Ka6,d4,b5,axb5+,Kb7,bxc6+,Kxc6,Qa5,Kb7,Rc3,a6,f5,Bc6,Qb6+,Kc8,Qxa6+,Kd7,Qa7+,Kc8,Rb3",107
79a0cf2bb467205853afc5eb0dd24e3e9142da34,dosa15,sabriel04,2021.05.15,Black,600+5,Queen's Pawn Game: London System,1922,1594,Normal,Standard,"d4,Nf6,Nf3,d5,Bf4,c5,e3,Nc6,c4,dxc4,Bxc4,cxd4,exd4,Bg4,Bb5,Bxf3,Qxf3,Rc8,d5,Nxd5,Nc3,Nxc3,Qxc3,Qd5,Bxc6+,Rxc6,Rd1,Qxg2,Qd3,Qxh1+,Ke2,Qxd1+,Qxd1,a6,b4,h6,a4,Rc4,Qd2,g5,Bg3,Bg7,Qd5,Rxb4,Qc5,Rb2+,Kf1,e6,Bd6,Rb1+,Kg2,f5,Be5,Bxe5,Qxe5,O-O,Qxe6+,Kg7,Qe5+,Rf6,f4,Rb6,fxg5,hxg5,Qe7+,Kg6,Kg3,Rb3+,Kg2,Rb2+,Kh3,Rb3+,Kg2,f4,Qe8+,Kh7,Qh5+,Kg7,Qxg5+,Rg6,Qxg6+,Kxg6,h4,b5,axb5,axb5,Kf2,Re3,Kg2,Kh5",90
45fdb2a28cfe7ad2a5c83ffd104a26b5f177aa1b,ceo_boy_333,dosa15,2021.05.15,Black,600+5,Van't Kruijs Opening,1594,1500,Normal,Standard,"e3,d5,Nf3,Nf6,d3,Bg4,d4,e6,Bb5+,c6,Ba4,Bd6,Nc3,O-O,e4,dxe4,Ng5,Bxd1,Kxd1,Ng4,Ncxe4,h6,Nf3,f5,Ng3,Nxf2+,Ke2,Bxg3,hxg3,Nxh1,Bb3,Nxg3+,Kd2,Qa5+,Kd1,Qa6,Bxe6+,Kh8,Ne5,Kh7,a4,Ne4,Ng4,Qf1#",44
83f6818afe140ce93c1315ced7fdd67cd74e8ed8,Sinischa22,dosa15,2021.05.15,White,600+5,"Italian Game: Giuoco Pianissimo, Normal",1649,1694,Normal,Standard,"e4,e5,Bc4,Nf6,d3,Nc6,Nf3,Bc5,Ng5,d5,exd5,Nxd5,Nxf7,Kxf7,Qf3+,Qf6,Qxf6+,gxf6,Bxd5+,Be6,Bxc6,bxc6,Be3,Bxe3,fxe3,Rhg8,g3,c5,b3,a5,a4,Rg4,Nc3,c6,Ne4,Ke7,Nxc5,Bd5,e4,Bf7,c3,Rb8,Rb1,Rb6,Kf2,Kd6,b4,axb4,cxb4,h5,Rb2,Bg6,Ra1,f5,a5,Rb8,h3,Rg5,Kf3,f4,g4,hxg4+,hxg4,Bf7,Rh1,Be6,Rh4,Rbg8,Nxe6,Kxe6,a6,Ra8,Ra2,Kd6,a7,Kc7,Rh7+,Kb6,Ra5,Rg6,Re7,Rd6,Rexe5,Rxa7,Rxa7,Kxa7,Kxf4,Rxd3,Rc5,Kb6,Rc4,Kb5,Rc5+,Kb6,Ke5,Rb3,Rc4,Kb5,Kd4,Rxb4,Rxb4+,Kxb4,Kd3,c5,Kc2,Kc4,g5,Kd4,g6,c4,g7,Kxe4,g8=Q",113
4972854d00d141031fe5ce94e06ce42667eee5be,sergoxxx,dosa15,2021.05.15,Black,600+5,Queen's Pawn Game: London System,1594,1657,Time forfeit,Standard,"d4,d5,Bf4,Nf6,Nf3,Bf5,e3,e6,Bd3,Bxd3,Qxd3,c5,c3,Be7,Ne5,Nbd7,Nd2,O-O,Nxd7,Qxd7,Nf3,Ne4",22
864963885782226d70aa9b2e970b5c11ed609959,dosa15,gregory363,2021.05.14,White,600+5,Queen's Pawn Game: Chigorin Variation,1514,1547,Normal,Standard,"d4,d5,Nf3,Nc6,Bf4,e6,c4,dxc4,e4,Bd6,Bxd6,Qxd6,Bxc4,Qb4+,Nbd2,Qxb2,O-O,Qa3,Nb3,Qb4,Qd3,Bd7,Nc5,b6,Na6,Qe7,Nxc7+,Kd8,Nxa8,Nf6,Rac1,Qd6,e5,Qb8",34
5f0ace5d2e4b4329b34ae831ad6bccd51a0d837f,dosa15,Atul17,2021.05.14,White,600+5,Queen's Pawn Game: London System,1252,1526,Normal,Standard,"d4,d5,Nf3,Nf6,Bf4,e6,e3,Bb4+,c3,Ba5,b4,O-O,bxa5,b6,Bd3,Bb7,O-O,Nbd7,Ng5,h6,Nh3,Ne4,Qg4,Ndf6,Qe2,c5,f3,Nd6,Be5,cxd4,cxd4,Rc8,Nd2,bxa5,Qf2,g6,Rab1,Qd7,Bxd6,Qxd6,Rxb7,Rb8,Rxb8,Qxb8,Qh4,Qd8,Qxh6,Nh7,f4,g5,Nxg5,f6,Qxh7#",53
17be4e3ca174f58a0ae00c41bb2e48a555755c15,Atul17,dosa15,2021.05.14,Black,600+5,Hungarian Opening,1491,1500,Normal,Standard,"g3,d5,Bg2,Nf6,Nf3,Bf5,O-O,Nc6,d3,e5,e4,Bg4,Bg5,Be7,Bxf6,Bxf6,exd5,Qxd5,Nc3,Qe6,Qe1,O-O,h3,Bxf3,Bxf3,Nd4,Qc1,Nxf3+,Kg2,Ng5,Re1,Qxh3+,Kg1,Nf3#",34
a28a2f6b03bc295e4eb12f5520251815f028b1bf,DeniZidane,dosa15,2021.05.14,White,600+5,Queen's Pawn Game: Levitsky Attack,1547,1580,Normal,Standard,"d4,d5,Bg5,h6,Bh4,g5,Bg3,Bg7,e3,Nf6,Nc3,c6,h3,Bf5,Bd3,Bxd3,Qxd3,Nbd7,Nf3,Nb6,O-O-O,Nc4,b3,Na3,Kb2,Qa5,Na4,Qb4,Qc3,Nc4+,Kb1,Na3+,Kb2,Nc4+,Ka1,Qb5,Nd2,Na3,Kb2,Nc4+,Nxc4,dxc4,Qxc4,Qxc4,bxc4,Ne4,Nc3,f5,Nxe4,fxe4,c3,O-O-O,Rb1,b6,a4,a5,Kc2,Kb7,Rb2,Ka6,Rhb1,b5,cxb5+,cxb5,axb5+,Kb6,c4,Rc8,c5+,Kb7,c6+,Kb6,Kd2,a4,c7,a3,Ra2,Ra8,Rc1,h5,Rc3,h4,Bh2,e5,Rcxa3,Rxa3,Rxa3,Kxc7,Ra7+,Kb6,Rxg7,exd4,exd4,Kxb5,Rxg5+,Kc4,d5,Rf8,Ke3,Rf6,d6,Rf7,Rg4,Rd7,Rxh4,Kd5,Rh5+,Kc6,g4,Rf7,Bf4,Kd7,Kxe4,Rg7,g5,Rf7,Rh6,Rg7,h4,Rf7,Kf3,Rg7,Kg4,Rf7,f3,Rg7,h5,Rf7,g6,Rg7,Rh7,Rxh7,gxh7",133
6c414f26cd29bcd62a1850f5ac60862f37bc8c80,dosa15,NIEL69,2021.05.14,Black,600+5,Queen's Pawn Game: London System,1708,1601,Normal,Standard,"d4,d5,Nf3,Nf6,Bf4,g6,e3,Bg7,c4,c6,Nc3,a6,Bd3,O-O,O-O,b5,c5,Nbd7,Ng5,h6,Nh3,Re8,Re1,Nh7,Qf3,Ndf6,Be5,Bg4,Qg3,Qd7,Nf4,Ne4,Bxe4,dxe4,Bxg7,Kxg7,Nxe4,Bf5,Nd2,g5,Nf3,f6,h4,g4,e4,Bg6,e5,f5,e6,Qc8,Ne5,Kf8,Nfxg6+,Kg7,h5,Qxe6,Nd3,Qc4,Ndf4,Qxd4,Ne6+,Kf7,Nxd4,Nf6,Nxf5,Nxh5,Qxg4,Nf6,Nxh6+,Kg7,Nxe7+,Nxg4,Nef5+,Kg6,Rxe8,Rxe8,f3,Nxh6,Nxh6,Kxh6,Rd1,Re5,Rd6+,Kg5,Rxc6,Re2,Rxa6,Rxb2,c6,Rc2,Ra5,Kf4,c7,Kg3,Rxb5,Rc1#",96
537391744fb70a3be01ec3e3e873ffd2ec155822,Asimn2030,dosa15,2021.05.14,Black,600+5,Queen's Gambit Declined: Marshall Defense,1477,1554,Normal,Standard,"d4,d5,c4,Nf6,Nc3,c6,Bg5,e6,e3,Be7,Nf3,O-O,Bd3,h6,Bh4,Nbd7,g4,Nxg4,Bxe7,Qxe7,b3,e5,Nd2,e4,Bc2,Qh4,Qe2,Ndf6,O-O-O,Be6,Rdf1,Nh5,f3,exf3,Nxf3,Qe7,Rhg1,Qb4,Qd3,g6,h3,Bf5,Qd2,Bxc2,Qxc2,Nxe3,Rxg6+,fxg6,Qxg6+,Ng7,Qd3,Nxf1",52
7a32486f7e8de2ed8889445ef789376c11929a11,Domanozaur,dosa15,2021.05.13,Black,600+5,Zukertort Opening: Old Indian Attack,1350,1329,Time forfeit,Standard,"d3,d5,Nf3,Nf6,c3,Bf5,Qa4+,Nbd7,Bg5,e6,e4,dxe4,dxe4,Bg6,Bb5,c6,Be2,Nc5,Qd4,Be7,Qxd8+,Rxd8,O-O,Ncxe4,Ne5,Nxg5,Nxg6,fxg6,Na3,Rd2,Bf3,Rxb2,Rad1,Bxa3,Rd3,O-O,Rfd1,Bc5,Rd8,Bxf2+,Kf1,Rxd8,Rxd8+,Kf7,Rd7+,Nxd7,Bh5,gxh5,g4,Rxa2",50
6226b61187afaa3c880d039e060c788b6c82457e,dosa15,NG_Squares,2021.05.12,Black,300+3,Queen's Pawn Game: Chigorin Variation,1800,1819,Normal,Standard,"d4,d5,Nf3,Nc6,Bf4,Bg4,e3,a6,c4,e6,Nc3,Bb4,Be2,Nf6,O-O,h6,cxd5,exd5,Ne5,Bxe2,Qxe2,Nxe5,Bxe5,O-O,Bxf6,Qxf6,Nxd5,Qd6,Nxb4,Qxb4,b3,Rae8,Rac1,c6,Rc4,Qa5,f3,Re6,a4,Rfe8,e4,f5,Qc2,fxe4,fxe4,Rxe4,b4,Qd8,Qf2,Rf8,Qd2,Rxf1+,Kxf1,Qf6+,Kg1,Qe6,Rc1,Re2,Qd3,Qe3+,Qxe3,Rxe3,d5,cxd5,Rc7,b5,axb5,axb5,Rc5,d4,Rxb5,Rb3,Kf2,Kf7,Ke2,Ke6,Kd2,Rb2+,Kd3,Rxg2,Kxd4,Rxh2,Rb6+,Kf7,b5,g5,Rb7+,Kg6,b6,g4,Re7,Rb2,b7,g3,Kc3,Rb1,Re3,Rxb7,Rxg3+,Kf5,Rf3+,Kg5,Rg3+,Kh4,Rg6,h5,Rh6,Kg5,Rc6,h4,Rc5+,Kg4,Rc4+,Kg3,Kd2,Re7,Rc3+,Kg2,Re3,Rxe3,Kxe3,h3,Kf4,h2,Kf5,h1=Q,Kg6,Kg3,Kf5,Qf3+,Ke5,Kg4,Kd4,Kf5,Kc4,Ke5,Kc5,Qd5+,Kb4,Kd4,Ka4,Kc3,Ka3,Qa5#",144
2f5b4d733baa0c64b444df28a0b58348cea2ca26,dosa15,Atul17,2021.01.24,White,600+5,King's Pawn Game: Nimzowitsch Defense,1500,1350,Normal,Standard,"e4,Nc6,d4,e6,Nc3,b6,e5,Bb7,Nf3,d5,Bd3,Bb4,Bd2,Qe7,O-O,O-O-O,Nb5,Ba6,Nxa7+,Nxa7,Bxa6+,Kb8,Bxb4,Qxb4,c3,Qxb2,Qd3,Qa3,Nd2,c5,Nb3,c4,Qg3,g6,Qg5,Rf8,Nc5,f6,exf6,h6,Qe5+,Ka8,Bb7#",43
826ea31796e4d1681e472013f8ec80fcef4e227b,tatarocek,dosa15,2021.01.23,Black,300+3,"Four Knights Game: Spanish Variation, Classical Variation",1707,1619,Normal,Standard,"e4,e5,Nf3,Nf6,Nc3,Nc6,Bb5,Bc5,a3,O-O,O-O,Qe7,h3,Nd4,Nxd4,Bxd4,Ne2,Nxe4,c3,Bb6,d3,Qc5,Ba4,Nxf2,d4,exd4,cxd4,Nxd1,dxc5,Bxc5+,Kh1,Nf2+,Kh2,Re8,Nc3,a6,b4,Bd4,Bb2,b5,Bb3,d6,Rab1,Be6,Bxe6,Rxe6,Nd5,Be5+,Bxe5,Rxe5,Nxc7,Rc8,Nxa6,Rc2,Nb8,Rh5,Nd7,Nxh3,Kh1,Nf4+,Kg1,Rxg2#",62
edaffbf4fbf9cb0a9723135279ab45d304a2823d,dosa15,Beelux,2021.01.23,White,60+0,Owen Defense,1535,1397,Normal,Standard,"e4,b6,Nc3,Bb7,Nf3,Nf6,d4,Nxe4,Nxe4,Bxe4,Bd3,Bb7,Bf4,e6,Ne5,Be7,Qh5,g6,Qh6,f6,Nxg6,hxg6,Bxg6#",23
6be1b22f4002f9877f1dec54a251b45baad9a883,dosa15,fitimlutfiu,2021.01.23,Black,60+0,Caro-Kann Defense,1478,1467,Time forfeit,Standard,"e4,c6,Nf3,d5,exd5,cxd5,Nc3,Nc6,Bb5,Nf6,d4,Bg4,Bf4,e6,O-O,Bb4,a3,Ba5,b4,Bb6,Na4,Bc7,Nc5,Bxf4,Nxb7,Qc7,Nc5,O-O,h3,Bxf3,Qxf3,Bd6,Bxc6,Qxc6,Rfe1,Rfe8,c3,Re7,Re3,Rae8,Qg3,Bxg3,Rxg3,Qc7,Rxg7+,Kxg7,Re1,Ne4,Re3,Nxc3,Rxc3,e5",52
1ffc454ef2b9accd073f7ad847cd58c7b8f9e62e,Atul17,dosa15,2021.01.21,Black,90+4,English Opening: Anglo-Grünfeld Defense,1707,1500,Normal,Standard,"c4,d5,Nc3,Nf6,d3,d4,Ne4,Nc6,Nxf6+,exf6,e3,Bc5,Nf3,dxe3,fxe3,Qe7,Bd2,Bxe3,Bxe3,Qxe3+,Qe2,Qxe2+,Bxe2,Bg4,h3,Bxf3,Bxf3,O-O,Rd1,Rfe8+,Kf1,Nd4,Bxb7,Rab8,Bd5,Rxb2,Bxf7+,Kxf7,Ra1,Ree2,Rh2,Rf2+,Kg1,Nf3+,Kh1,Nxh2,Kxh2,Rxg2+,Kh1,Rh2+,Kg1,Rxh3,Rf1,g5,a4,Kg6,d4,f5,d5,g4,Rf2,Rxf2,Kxf2,f4,c5,Kf6,d6,cxd6,cxd6,Ke6,d7,Kxd7,Kg2,a5,Kf2,Kd6,Kg2,Ke5,Kf2,Ke4,Kg2,f3+,Kf2,Kf4,Ke1,g3,Kd2,Rh2+,Kc3,g2,Kc4,g1=Q,Kb5,Rb2+,Kxa5,Qc5+,Ka6,Qb6#",98
4d4b2f177caa216598c20ead119a4a461c77c7f1,Atul17,dosa15,2021.01.21,White,-,King's Indian Attack,1500,1500,Normal,Standard,"Nf3,d5,g3,Nc6,Bg2,e5,O-O,Nf6,d3,Bc5,Nbd2,Bg4,Qe1,O-O,e4,d4,a3,a5,Nb1,h6,h3,Bxf3,Bxf3,g5,Nd2,Qd7,Kg2,Ne7,Nc4,b5,Nxe5,Qe6,Ng4,h5,Nxf6+,Qxf6,e5,Qg6,Bxa8,Rxa8,Qe4,Qxe4+,dxe4,Nc6,f4,gxf4,gxf4,Kg7,h4,Rg8,Kf3,Be7,b4,axb4,axb4,Nxb4,Rg1+,Kh7,Rxg8,Kxg8,Ra8+,Kg7,Rc8,c5,Rc7,Bxh4,e6,Kf8,f5,fxe6,fxe6,c4,Bh6+,Ke8,Ke2,Nxc2,Kd2,d3,Kc3,Ne1,e5,Nf3,Bg7,d2,Kc2,Bg5,Rc8+,Ke7,Bf6+,Bxf6,exf6+,Kxe6,Rc6+,Kf7,Rb6,h4,Rxb5,Kxf6,Rb4,c3,Rf4+,Kg5,Rxf3,Kg4,Rf1,Kg3,Kxc3,Kg2,Rd1,h3,Rxd2+,Kg1,Rd1+,Kg2,Rd2+,Kg1,Kd3,h2,Rxh2,Kxh2",120
a7c9711ad4c670b15b82b3a1b8e8cfdb7fcb26bb,Vodatamino,dosa15,2021.01.21,Black,300+0,Van't Kruijs Opening,1500,1447,Time forfeit,Standard,"e3,e5,h3,Nc6,a3,d5,d3,Nf6,Nd2,Bd6,b3,O-O,Bb2,d4,e4,Be6,Rc1,b6,c4,Ne7,Be2,c5,Ngf3,Bd7,O-O,Ng6,Kh1,Nf4,Rg1,Qe7,Nf1,Ne8,Rc2,Bc7,Bc1,g5,g4,f6,Bxf4,gxf4,N3h2,Ng7,f3,Rad8,Qe1,Qe8,Qf2,Bd6,Qg2,Qg6,h4,Be6,g5,fxg5,Qxg5,Qxg5,hxg5,Be7,g6,h5,Bd1,Bh3,Nd2,Bh4,Nb1,Bg3,a4,Rf6,Na3,a6,Rd2,Rxg6,Be2,Rdd6,Nc2,h4,Ng4,Bxg4,fxg4,Rg5,Bf1,Ne6,Bh3,Rd7,Re2,Rdg7,Ne1,Nf8,Ng2,Nh7,Rb2,Nf6,b4,Nxg4,Bxg4,Rxg4,bxc5,bxc5,Rb8+,Kh7,Rb6,h3,Ne1,Bf2,Rxg4,Rxg4,Rb7+,Kh6,Rb6+,Kh5",110
9dcedf0d9e0a22de8b3dab6c02220fe7d6019eef,dosa15,mile-lile,2020.08.20,Black,120+0,Pirc Defense: Roscher Gambit,1486,1566,Time forfeit,Standard,"e4,d6,Nf3,Nf6,d4,Nbd7,Nc3,g6,Bc4,Bg7,Bg5,O-O,O-O,c6,d5,b5,dxc6,bxc4,cxd7,Nxd7,Nd5,f6,Be3,Bb7,Nf4,Qe8,b3,e5,Nd5,Qd8,bxc4,f5,exf5,Bxd5,cxd5,Rxf5,Bg5,Bf6,Bxf6,Qxf6,Re1,Rf8,Re3,Nc5,Rb1,e4,Nh4,Rxf2",48
afa3a5918cefc059d9aec836cbdd1603362c9451,mile-lile,dosa15,2020.08.20,White,120+0,Queen's Pawn Game,1735,1479,Time forfeit,Standard,"d4,d5,e3,Nc6,Bd3,Nf6,f4,e5,fxe5,Ne4,Nf3,Be7,O-O,O-O,c3,Bg4,Nbd2,Nxd2,Qxd2,f6,e4,fxe5,exd5,Nb8,Nxe5,Qxd5,Rxf8+,Bxf8,Qf2,Nd7,Bf4,Re8,Nxg4,Nf6,Nxf6+,gxf6,Qg3+,Bg7,Bh6,Qf7,Rf1,Re6,Bc4,Re3,Bxf7+,Kxf7,Qxg7+,Ke6,Qxf6+,Kd5,Bxe3,Kc4,Rf5,Kd3,Qe5,Kc2,Rf2+,Kb1,Qf5+,Kxa2,Qc2,Ka1,b4",63
7817da7edf695481a311a43eae60075cc6bbdc9e,dosa15,mile-lile,2020.08.20,White,120+0,Four Knights Game: Ranken Variation,1481,1669,Normal,Standard,"e4,e5,Nf3,Nc6,Nc3,Nf6,Bb5,a6,Bxc6,bxc6,d4,exd4,Nxd4,d5,Bf4,Bb7,e5,Ne4,Nxe4,dxe4,O-O,Bc5,Be3,O-O,Qg4,f5,Nxf5,Bxe3,Qxg7#",29
6e1b318fa1e3e9f5be654c81198e4700c8e1f44e,mile-lile,dosa15,2020.08.20,Black,120+0,Vienna Game: Vienna Gambit,1500,1485,Normal,Standard,"e4,e5,f4,Nc6,Nc3,Bc5,Nf3,d6,Bc4,Nf6,Bxf7+,Kxf7,Ng5+,Ke7,f5,h6,Nd5+,Kd7,Nxf6+,Qxf6,Ne6,Ke7,Qh5,Bxe6,fxe6,Qf2+,Kd1,Raf8,Qe2,Qxe2+,Kxe2,Rf2+,Kd3,Kxe6,b3,Nb4+,Kc4,a6,a4,c6,c3,b5+,axb5,cxb5#",44
1722e2964ef9530ec3e1422cc6b798d40cd4552b,dosa15,FVB49,2020.08.20,Black,300+0,French Defense: Knight Variation,1683,1500,Time forfeit,Standard,"e4,e6,Nf3,d5,d3,dxe4,dxe4,Qxd1+,Kxd1,Bd7,Bd3,Nc6,Nc3,O-O-O,Ke2,f6,Be3,e5,Rhe1,Bg4,h3,Bxf3+,Kxf3,Bb4,Bd2,Nd4+,Ke3,Ne7,Nb5,Bxd2+,Kxd2,Nxb5,Ke2,Nd4+,Kf1,a6,Rad1,Nec6,c3,Ne6,Bc4,Nc5,Bd5,Ne7,Bc4,Rxd1,Rxd1,Rd8,Re1,Rd2,b4,Na4,Be6+,Kb8,c4,Rxa2,c5,Rd2,Re3,Rd4,f3,Rxb4,Rd3,Rd4,Ra3,Nxc5,Bg4,g6,Rc3,b6,Kf2,h5,Bxh5,gxh5,g4,hxg4,fxg4,Ng6,h4,Nxh4",80
a8141bbb5f6793995b1dd667b44b54aa10756f50,Atul17,dosa15,2020.08.17,Black,180+0,Four Knights Game: Double Spanish,1500,1500,Time forfeit,Standard,"e4,e5,Nc3,Nf6,Nf3,Nc6,Bb5,Bb4,a3,Bxc3,dxc3,a6,Bxc6,dxc6,Nxe5,Qxd1+,Kxd1,Nxe4,Ke1,O-O,f3,Re8,Bf4,Nd6,Rd1,Bf5,Kf2,f6,Rde1,fxe5,Bxe5,Bxc2,Bxd6,cxd6,Rc1,Bd3,Rhd1,Re2+,Kf1,Rc2+,Ke1,Rxc1,Rxc1,Re8+,Kd2,Bf5,g4,Bg6,Re1,Rxe1,Kxe1,Kf7,Kf2,Kf6,f4,h5,b4,hxg4,Kg3,Kf5,c4,Bf7,c5,dxc5,bxc5,a5,h4,gxh3,Kxh3,Kxf4,a4,Ke4,Kg2,Kd4,Kf1,Kxc5,Ke2,Kc4,Kd2,c5,Kc2,Kb4,Kb2,Kxa4,Kc3,c4,Kd4,Kb3",88
7fe9c2ad25eccfeef6b02979ae41fb1b19c99229,dosa15,liviprim,2020.08.17,Black,300+4,Sicilian Defense: French Variation,1770,1500,Normal,Standard,"e4,c5,Nf3,e6,Bc4,a6,Nc3,b5,Be2,Bb7,a3,Nf6,d3,d6,Bg5,Be7,e5,dxe5,Nxe5,Bxg2,Rg1,Bb7,Bh5,Nxh5,Qxh5,O-O,Bh6,Bf6,O-O-O,Nd7,Rde1,Nxe5,Rxe5,Kh8,Bg5,Bxg5+,Rexg5,g6,Qh3,Qd4,Ne2,Qxf2,Kd1,Bf3,Re5,Bxe2+,Rxe2,Qxg1+,Kd2,Qg5+,Re3,Rad8,Ke2,Qh5+,Qf3,Qxf3+,Rxf3,f5,c3,e5,h4,Rfe8,Re3,Kg7,b3,Kf6,a4,bxa4,bxa4,e4,dxe4,Rxe4,Rxe4,fxe4,Ke3,Ke5,c4,Rd3+,Ke2,Rd4,a5,Rxc4,Ke3,Ra4,h5,gxh5,Kd2,Rxa5,Kc3,Ra4,Kb3,Rb4+,Kc3,h4,Kd2,h3,Kc3,h2,Kd2,h1=Q,Ke2,Qf3+,Ke1,Rb1+,Kd2,Qd3#",106
f289155dfba3626fb7dd8f7f9b34ca3aff5d9a86,dosa15,borvix,2020.08.17,Black,300+0,Zukertort Opening: Tennison Gambit,1850,1500,Normal,Standard,"e4,d5,Nf3,dxe4,Ng5,Nf6,Nc3,Bf5,d3,Bg4,f3,exf3,Nxf3,Nc6,Be2,e6,Bg5,Be7,O-O,h6,Bxf6,Bxf6,Nd2,Bf5,Bg4,Qd4+,Kh1,Bxg4,Ne2,Bxe2,Qxe2,O-O-O,Nb3,Qxb2,Qe4,Qe5,Qf3,Nd4,Nxd4,Rxd4,Rae1,Qc5,Rb1,b6,Rbc1,Kb8,c3,Rdd8,d4,Qd5,Qd3,e5,Rf5,Bg5,Re1,f6,Re2,Rhe8,Re4,Qxa2,d5,Rxd5,Qe3,Rd1+,Qg1,Rxg1+,Kxg1,Qb1+,Rf1,Qxe4,Kh1,Qe2,h4,Bxh4,Rg1,Bf2,Rc1,Qh5#",78
bd021a345cde6b55d4ab7bc50e6639ce627af2be,dosa15,Atul17,2020.08.15,Black,45+0,Three Knights Opening,1333,1500,Time forfeit,Standard,"e4,e5,Nf3,Nc6,Nc3,d6,Bb5,a6,Bxc6+,bxc6,d4,c5,Bg5,f6,Be3,Be7,dxe5,dxe5,Nd5,g5,O-O,h5,h4,Bb7,hxg5,Bxd5,exd5,fxg5,c4,c6,Nxg5,cxd5,Ne6,Qd7,Qxd5,Qxd5,cxd5,Bd6,Nc7+,Kd8,Nxa8,Kc8,Nb6+,Kc7",44
c18b5d0869f574fe8d43c98b6073687f0f8500f7,Atul17,dosa15,2020.08.15,Black,45+0,Grob Opening,1500,1333,Time forfeit,Standard,"g4,e5,f4,Nc6,e4,f5,gxf5,d6,Qh5+,g6,Qg5,Nge7,Qf6,Rg8,Bb5,a6,Bxc6+,Nxc6,Qxd8+,Kxd8,Nf3,gxf5,fxe5,fxe4,Nd4,Nxd4,c3,Nc2+,Kd1,Nxa1,Rf1,Bg4+,Ke1,Nc2+,Kf2,dxe5,d3,Bc5+,Kg3,Be2+",40
a957e2a06c29090ee9841341a14104f83f332ec7,dosa15,Atul17,2020.08.15,White,45+0,Queen's Pawn Game: Zukertort Variation,1333,1500,Normal,Standard,"d4,d5,Nf3,e6,Bf4,Bc5,e4,Bb4+,c3,Bd6,Nbd2,Bxf4,Bb5+,c6,Bd3,Bxd2+,Nxd2,Nf6,O-O,dxe4,Bxe4,Nxe4,Nxe4,Qd5,Qf3,Bd7,Rfe1,Qf5,Nd6+,Ke7,Nxf5+,Kf6,Nd6+,Ke7,Nf5+,Kf6,Nh4+,Kg5,Re5+,Kh6,Qh5#",41
5e1edb64b6f90c9fb5790b1485d4fe394cc5388f,Atul17,dosa15,2020.08.15,Black,45+0,Nimzowitsch Defense: Breyer Variation,1500,1333,Normal,Standard,"e4,e5,Nc3,Nf6,d4,Nc6,Bc4,d5,Nf3,Bg4,h3,Bb4,Qe2,Bxc3+,Bd2,Bxf3,gxf3,Bxd2+,Kxd2,Nxd4,Bxd5,Nxe2,Kxe2,Nxd5,Rhd1,Nf4+,Ke3,Qxd1,Rxd1,O-O,h4,Ng2+,Ke2,Nxh4,Rd7,Rfd8,Rxc7,Rac8,Rxb7,Rxc2+,Ke3,Ng2#",42
eaae883cef76dca1012c69a467dbeb065caa2ff9,dosa15,rrr0102,2020.08.15,White,300+5,Queen's Pawn Game: Zukertort Variation,1803,1350,Normal,Standard,"d4,d5,Nf3,Bf5,Bf4,e6,e3,Nf6,c4,c6,Nc3,Nbd7,cxd5,exd5,Bd3,Bxd3,Qxd3,Qb6,b3,Bb4,O-O,O-O,Ne2,Rfe8,Ng3,Ne4,Nxe4,Rxe4,Ng5,Re7,Qxh7+,Kf8,Qh8#",33
7ce2bdcefdeb264a98e68236bafe8aaed26d8bbc,chess-ruined-my-life,dosa15,2020.08.15,White,30+0,Gedult's Opening,1500,1204,Time forfeit,Standard,"f3,d5,Nh3,Nc6,Nf2,e5,g3,Nf6,Bg2,Be6,O-O,Bd6,d3,O-O,Nd2,d4,e4,dxe3,Ng4,exd2,Nxf6+,gxf6,Bxd2,Nd4,c3,Bc5,cxd4,Bxd4+,Kh1,Bxb2,Rb1,Ba3,Bc3,Qd6,Bb2,Bd5,Bxa3,Qxa3,Rc1,b6,f4,c5,Bxd5",43
ae1caea281ba9d085fe24a1c8615ca4e0b1a46d7,iranianplayer9,dosa15,2020.08.15,White,600+10,Four Knights Game: Scotch Variation Accepted,1350,1500,Normal,Standard,"e4,e5,Nf3,Nf6,Nc3,Nc6,d4,exd4,Nxd4,Bb4,Nxc6,dxc6,Bd3,Be6,Bd2,O-O,O-O,Ng4,Bf4,Bc5,Qf3,Bd6,h3,Bxf4,Qxf4,Qf6,Qxc7,Nh6,e5,Qg5,f4,Qg3,Rf3,Qh4,Qxb7,Bd5,Nxd5,cxd5,Qxd5,Rad8,Qe4,g6,Qb7,a5,Qb6,f5,Qxa5,Nf7,g3,Qe7,a4,g5,Bxf5,gxf4,gxf4,Nh6,Bd3,Rxf4,Rxf4,Qg5+,Kh1,Qxf4,Qxd8+,Qf8,Rg1+,Kf7,Rf1+,Ke6,Qxf8,Kxe5,Qxh6,Kd4,Qxh7,Ke3,Qe4+,Kd2,Rf8,Kc1,b4,Kb2,b5,Ka3,a5,Kb2,b6,Kc3,b7,Kd2,b8=Q,Kc3,Qbe8,Kb2,h4,Ka3,a6,Kb2,a7,Ka2,a8=Q+,Kb1,Qad8,Ka2,Qde7,Kb2,c4,Ka2,c5,Kb2,c6,Ka2,c7,Kb2,c8=Q,Ka2,Qce6+,Kb2,Q6d7,Ka1,h5,Kb2,h6,Ka1,h7,Kb2,h8=Q+,Ka2,Qea4#",127
dc5bbcc7f134f8cb69eef9683754104e9b07a3ea,dosa15,Atul17,2020.08.14,White,300+0,King's Pawn Game: Damiano Defense,1500,1500,Normal,Standard,"e4,f6,Nf3,e5,Nc3,Bb4,Bb5,Bxc3,dxc3,c6,Bc4,d5,exd5,cxd5,Qxd5,Qxd5,Bxd5,Ne7,c4,Nbc6,Be3,Bg4,O-O,e4,Bxe4,a6,Bc5,b5,Bxe7,Kxe7,Bxc6,bxc4,Bxa8,Bxf3,Rfe1+,Kf7,Bxf3,Kg6,Re7,Rg8,Rae1,Kf5,Be4+,Kf4,g3+,Kg5,Bxh7,Rh8,Rxg7+,Kh6,Ree7,Rxh7,Rxh7+,Kg6,Reg7+,Kf5,Rh5+,Ke4,Rg4+,Kf3,Rxc4,a5,Rf5+,Ke2,Re4+,Kd2,Rf3,Kxc2,Re2+,Kb1,Rd3,a4,Rd1+,Kxa2,b4+,Kb3,Re4,Kc2,Rdd4,Kc3,Kf1,a3,Rc4+,Kd3,b5,a2,Ra4,f5,Red4+,Kc3,Rdc4+,Kb2,Rcb4+,Ka1,Ra3,f4,Rc3,fxg3,Rc1#",99
50645aa65facacab4501f8634550f124a4d78c25,Atul17,dosa15,2020.08.14,Black,300+0,Mieses Opening,1500,1500,Normal,Standard,"d3,d5,e4,e5,d4,Nc6,exd5,Qxd5,Nf3,Nf6,Nc3,Bb4,a3,Qe4+,Qe2,Bxc3+,Bd2,Bxd2+,Kxd2,Qf4+,Qe3,Qg4,h3,Qg6,Nxe5,Nxe5,Qxe5+,Be6,Bb5+,c6,Ba4,O-O,Qd6,Ne4+,Kd3,Nxd6+,Kd2,Nc4+,Kc1,Qg5+,Kb1,Nd2+,Kc1,Nb3+,Kb1,Nxa1,Kxa1,Qd5,Rd1,Qa2#",50
1680520b04feb00a5336336b783e18e11c86bd77,Jose600,dosa15,2020.08.14,White,600+0,Queen's Pawn Game: Symmetrical Variation,1500,1555,Normal,Standard,"d4,d5,Nf3,Nf6,c3,Bf5,Nbd2,e6,Qb3,b6,g3,Ne4,Qa4+,Nd7,Bg2,Bd6,O-O,O-O,Nh4,Nxd2,Bxd2,Be4,Bc1,Nf6,f3,Bf5,Nxf5,exf5,Qd1,Qe7,Bg5,h6,Bxf6,Qxf6,e3,Rfe8,Qc1,c5,f4,Rad8,Bxd5,cxd4,cxd4,Qe7,Re1,Bb4,Re2,Rxd5,a3,Bd6,Qc3,Qe6,Rb1,g5,Kg2,gxf4,gxf4,Qg6+,Kh1,Bxf4,Rg1,Qxg1+,Kxg1,Bg5,Qb3,f4,Qxd5,Rxe3,Rxe3,fxe3,Kf1,Kg7,h3,Kg6,Qd7,f6,Qxa7,Kh5,Qxb6,Kh4,Qe6,Kg3,d5,Kh2,Ke2,Kg2,d6,Kg3,d7,f5,d8=Q,Bxd8,Qg8+,Kxh3,Qxd8,f4,Qd7+,Kg3,Qc6,Kg4,Qf3+,Kf5,b4,h5,Qxh5+,Ke4,Qf3+,Ke5,a4,Kd6,Qxf4+,Kd5,Kxe3,Kc6,a5,Kb5,Qd4,Ka4,Qc5,Kb3,a6,Ka4,a7,Kb3,a8=Q,Kb2,b5,Kb3,b6,Kb2,b7,Kb3,b8=R#",133
1677bc444db34025c891febba98989867e7f2664,dosa15,masoud10,2020.08.14,Black,1200+10,King's Pawn Game: Busch-Gass Gambit,1891,1500,Normal,Standard,"e4,e5,Nf3,Bc5,Nc3,d6,Bb5+,c6,Bc4,h6,d4,exd4,Nxd4,a6,Be3,Ne7,O-O,g5,Qf3,Rf8,Qh5,Nd7,Ne6,Nf6,Nxd8,Nxh5,Nxf7,Rxf7,Bxf7+,Kxf7,Rad1,Ke6,Bxc5,dxc5,Rd8,Kf7,Rh8,Kg7,Rd8,Ng6,Re1,Ne5,g3,Nf3+,Kf1,Bh3+,Ke2,Nd4+,Ke3,Rxd8,Rd1,Nxc2+,Ke2,Bg4+,Kf1,Bxd1,Nxd1,Rxd1+,Ke2,Rd8,Kf3,Nf6,e5,Nd5,Ke4,Re8,Kf5,Nd4+,Ke4,h5,h3,g4,h4,Kg6,a3,Nf6+,Kf4,Ne2+,Ke3,Rxe5+,Kd2,Nd4,b4,Re2+,Kd3,Rxf2,bxc5,Nb3,Kc4,Nd2+,Kd3,Nd5,a4,Nb4+,Kc3,Rf3+,Kxd2,Rxg3,Kc1,Rg2,Kb1,g3,a5,Rf2,Kc1,g2,Kd1,g1=Q#",108
673575a1cf2f86e20734713f185ee23d9d47e55d,dosa15,Atul17,2020.08.13,White,120+0,Four Knights Game: Spanish Variation,1333,1500,Time forfeit,Standard,"e4,e5,Nf3,Nc6,Nc3,Nf6,Bb5,d6,d3,a6,Bg5,Bg4,Bxf6,Qxf6,Bxc6+,bxc6,h3,Bh5,O-O,Qg6,g4,Bxg4,hxg4,Qxg4+,Kh1,Qh3+,Nh2,g5,Qg4,Qxg4,Nxg4,Be7,Rg1,Rg8,Raf1,Rg6,Kg2,h5,Ne3,g4,f3,gxf3+,Kxf3,Rxg1,Rxg1,O-O-O,Nf5",47
9f4b53626f45c42682f2130bfc9ddcb4a25577ee,Atul17,dosa15,2020.08.13,Black,120+0,Queen's Gambit Accepted,1500,1333,Time forfeit,Standard,"c4,d5,d4,dxc4,Bf4,Nc6,b3,cxb3,Qxb3,Nxd4,Qd3,Bf5,e4,e5,Nf3,Bb4+,Nc3,Nxf3+,Ke2,Nd4+,Ke3,Bxc3,Bxe5,Bxa1,Bxd4,Qg5+,f4,Bxe4,Qxe4+,Qe7,Bb5+,c6,Qxe7+,Nxe7,Bxg7,Rg8",36
20af9370cc0cf6fad651846f9a4e0f238dad2535,BoredUser123,dosa15,2020.08.12,White,300+8,Queen's Pawn Game,1500,1500,Normal,Standard,"d4,d5,e3,Nf6,c4,c6,c5,Bf5,Bd3,e6,Bxf5,exf5,Nf3,b6,Ne5,bxc5,O-O,Bd6,Re1,O-O,Ng4,Nxg4,h3,Nf6,g3,Re8,e4,Nxe4,Qh5,g6,Qh6,cxd4,Nd2,Nxd2,Qxd2,Rxe1+,Qxe1,f4,gxf4,Qf6,Kf1,Bxf4,Qe8+,Kg7,Bxf4,Qxf4,Re1,Qf5,Kg2,Qg5+,Kh2,Qf4+,Kg2,a5,Re7,Kh6,Qf8+,Kh5,Rxf7,Qg5+,Kh2,Qe5+,Kg2,h6,Rh7,Qg5+,Kh2,c5,f4,Nd7,Qxa8,Qxf4+,Kg2,Nf6,Rf7,Qe4+,Kh2,Qe5+,Kg2,Ne4,Qxa5,Qg5+,Kh2,Qg3+,Kh1,Nf2+,Rxf2,Qxf2,Qxc5,Qf3+,Kh2,Qe2+,Kg3,Qxb2,Qxd5+,g5,Qf3+,g4,Qxg4#",99
206cc6b1d7092caabd9ea2d27dfae4d184aaba0c,dosa15,BoredUser123,2020.08.12,White,300+8,Borg Defense,1500,1500,Normal,Standard,"e4,g5,Nc3,f6,Qh5#",5
4b3461108ce80ee0b7de8f91e1ed397610249d3d,picepeiche,dosa15,2020.08.12,White,60+2,Four Knights Game: Spanish Variation,1500,1691,Normal,Standard,"e4,e5,Nf3,Nf6,Nc3,Nc6,Bb5,a6,Be2,Bb4,d3,d6,Bd2,Bg4,h3,Bxf3,Bxf3,O-O,a3,Bxc3,Bxc3,d5,exd5,Nxd5,Bxd5,Qxd5,O-O,Rfe8,Re1,f6,b3,a5,a4,b6,Bd2,Nd4,Be3,Rac8,Qd2,Nf5,c4,Qf7,g4,Nxe3,fxe3,Qg6,Qe2,e4,d4,c5,d5,Rc7,Kh2,f5,Rg1,Qd6+,Kh1,fxg4,Rxg4,Qf6,Rag1,g6,Rf4,Qe5,Qg4,Ree7,Rgf1,Rf7,Rxf7,Rxf7,Qc8+,Kg7,Rxf7+,Kxf7,Qd7+,Kf6,Qd8+,Kf5,Qf8+,Kg5,Qd8+,Qf6,Qxf6+,Kxf6,Kg2,Kg5,Kg3,h5,Kf2,Kf5,Kg3,g5,Kf2,g4,h4,Ke5,Kg3,Kf5,Kf2,Ke5,Kg3,Kf5,Kf2",103
aa8ef91eb89c82206846fe90a9753239603da7f2,dosa15,shakkimestari,2020.08.12,White,120+20,Sicilian Defense: Nyezhmetdinov-Rossolimo Attack,1737,1500,Normal,Standard,"e4,c5,Nf3,Nc6,Bb5,Nd4,Nxd4,cxd4,d3,a6,Bc4,e6,a4,Qa5+,c3,b5,Bb3,Bb7,Bd2,dxc3,Bxc3,Bb4,O-O,Bxc3,Nxc3,Qd8,axb5,axb5,Rxa8,Bxa8,Nxb5,d6,Ba4,Ne7,Nxd6+,Kf8,e5,Bc6,Bxc6,Nxc6,Qf3,Nxe5,Qe3,Qxd6,Re1,Ng6,g3,Ke7,f4,Rd8,f5,Nf8,Qg5+,Ke8,Qxg7,Qxd3,fxe6,Qd4+,Qxd4,Rxd4,exf7+,Kxf7,Re2,Ne6,h4,Rg4,Kh2,h5,Rf2+,Kg6,Kh3,Nc5,Rc2,Ne4,Rc6+,Kf5,b4,Rxg3+,Kh2,Rb3,Rc4,Nd2,Rc5+,Kg4,b5,Nf3+,Kg2,Nxh4+,Kf2,Nf5,Rc4+,Kg5,Rc5,h4,Kg2,Rb4,Kh3,Rb3+,Kg2,Rg3+,Kh2,Rb3,Kg2,Kg4,Kh2,Nd6,Rc2,Nxb5,Rc4+,Kg5,Rc5+,Kg4,Rc4+,Kg5,Rc5+,Kf6,Rc6+,Kf5,Rc5+,Kg4,Rc4+",121
85c2ff3bb9ed0104a47198982e60410ddb8be819,dosa15,Valbelluna,2020.08.12,White,900+5,Three Knights Opening,1578,1500,Normal,Standard,"e4,e5,Nf3,Nc6,Nc3,Bb4,a3,Ba5,b4,Bb6,Nd5,d6,Bb5,Bd7,O-O,Nf6,d3,O-O,Bg5,Bg4,h3,Bh5,g4,Bg6,Nh4,a6,Ba4,Bd4,Rb1,b5,Bb3,Ne7,Bxf6,gxf6,Nxf6+,Kg7,g5,Qc8,Qf3,a5,bxa5,Rxa5,Kh2,Rxa3,Nxg6,Nxg6,Qh5,Rh8,Qh6#",49
d664e36751746c9e0635513e00be0ced75cb5575,Lyrnso,dosa15,2020.08.12,White,300+2,Ruy Lopez: Exchange Variation,1500,1835,Normal,Standard,"e4,e5,Nf3,Nc6,Bb5,a6,Bxc6,dxc6,h3,Bc5,Nxe5,Qf6,Nf3,Ne7,O-O,O-O,d4,Bb6,Bg5,Qe6,Nc3,Ng6,Re1,c5,d5,Qe8,e5,c6,b3,Ba5,Bd2,cxd5,Nxd5,Bxd2,Qxd2,Be6,Nc7,Qd7,Nxa8,Qxd2,Nxd2,Rxa8,f4,Nxf4,Ne4,Bf5,Nxc5,b6,Na4,Bxc2,Nxb6,Ra7,Rac1,Bf5,Rc4,Nd3,Rd1,f6,Rf1,Rb7,exf6,Kf7,Rxf5,Rxb6,Rc7+,Kg6,f7,Rb8,f8=Q,Rxf8,Rxf8,Ne5,Ra8,a5,Rxa5,Nd3,Raa7,Kf6,Rxg7,h5,Rh7,Kf5,Rxh5+,Ke4,Rh4+,Ke3,Re7+,Kd2,Rhe4,Nc5,Re2+,Kc3,R7e3+,Kd4,Kf2,Ne4+,Kf3,Nc3,Re4+,Nxe4,Rxe4+,Kc3,h4,Kb2,Ra4,Kc3,h5,Kc2,h6,Kd1,h7,Kc1,h8=Q,Kc2,Qd4,Kc1,Rc4+,Kb1,Qd1+,Kb2,Ra4,Kc3,Ke3,Kb2,Kd3",125
6b379489afa00d54af093b90cfe549ca9b5e0e96,dosa15,Atul17,2020.08.12,White,120+0,"Queen's Pawn Game: Veresov Attack, Classical Defense",1333,1500,Normal,Standard,"Nf3,d5,d4,e6,Nc3,Nf6,Bg5,Nc6,e4,Be7,exd5,Nxd5,Bxe7,Kxe7,Nxd5+,Kd6,Bc4,Re8,Ne5,exd5,Bb5,a6,Bxc6,bxc6,O-O,a5,Nxf7+,Ke7,Nxd8,Kxd8,Re1,Bg4,Qxg4,Rxe1+,Rxe1,Rb8,Qg5+,Kc8,Re8+,Kb7,Rxb8+,Kxb8,Qxg7,Kb7,Qxh7,Kb6,c3,a4,Qd7,Kb5,a3,Kc4,Qxc6+,Kb3,Qb5+,Kc2,Qxa4+,Kxb2,Qb4+,Kc2,Kf1,c6,Ke2,Kc1,Qa4,c5,Qd1+,Kb2,dxc5,Kxa3,Qc2,d4,c4,d3+,Qxd3+,Kb2,Kd2,Ka2,Kc2,Ka1,Qa3#",81
67a6c845ddb1fa88f0e89876c95538b91a154cc5,Atul17,dosa15,2020.08.12,Black,120+0,Polish Opening,1500,1333,Time forfeit,Standard,"b4,d5,d3,e5,e3,Nc6,d4,Nf6,Nc3,exd4,exd4,Qe7+,Nge2,Qxb4,Rb1,Qc4,Ng3,Bg4,Bxc4,Bxd1,Kxd1,O-O-O,Be2,Nxd4,Re1,Nxe2,Rxe2,d4,Nb5,Bc5,Nxa7+,Bxa7,Ne4,Rhe8,Nxf6,Rxe2,Nd7,d3,cxd3,Rxd7,Kxe2,Re7+,Kf1,g5,Be3,Bxe3,fxe3,Rxe3,Re1,Rxd3,Re8+,Kd7,Ke2,Kxe8,Kxd3,Ke7,a4,Ke6,Ke4,f5+,Ke3,Ke5,g3,f4+",64
01620410edd2e44901e91aab9d890d24f89fa6ce,dosa15,Atul17,2020.08.12,White,120+0,Van't Kruijs Opening,1333,1500,Normal,Standard,"e3,b5,Bxb5,c6,Bc4,d5,Be2,e6,d4,Qa5+,Nc3,Ba6,Bxa6,Nxa6,Bd2,Qb6,e4,dxe4,Nxe4,Bb4,Bxb4,Qxb4+,c3,Qxb2,Nf3,f5,Nd6+,Ke7,Nc4,Qxc3+,Nfd2,Qb4,O-O,Nf6,Ne5,Rhd8,Nxc6+,Kd7,Nxb4,Nxb4,Qa4+,Kc8,Qxb4,Rb8,Qc5+,Kd7,Nc4,Ke8,Qc6+,Nd7,Qxe6+,Kf8,Nd6,Re8,Qf7#",55
5152331355230a75a9acddbd1bf900333d9a8f29,Atul17,dosa15,2020.08.12,Black,120+0,Queen's Pawn Game: Anti-Torre,1500,1333,Normal,Standard,"d4,d5,Nf3,Bg4,h3,Bxf3,gxf3,Nf6,c3,c6,Bd2,e6,Bf4,Bd6,Bxd6,Qxd6,Nd2,O-O,Rg1,Nbd7,e4,dxe4,fxe4,e5,d5,Nc5,b4,Ncxe4,dxc6,Qxc6,b5,Qxc3,Rc1,Qd4,f3,Qf2#",36
31288c080066e0c0fa4867d5d2dcd66f4def3003,dosa15,Atul17,2020.08.12,White,120+0,French Defense: Franco-Hiva Gambit,1333,1500,Time forfeit,Standard,"e4,f5,Nf3,e6,Nc3,d5,Bb5+,c6,Ba4,Na6,exd5,exd5,Ne5,d4,Nxc6,Qc7,Qh5+,Kd7,Ne5+,Kd6,Qxf5,Bxf5,Nf7+,Ke7,Nd5+,Ke6,Nxc7+,Kxf7,Nxa8,Nc5,Bb3+,Ke7,d3,Nxb3,cxb3,Nf6,Bg5,Ke8,Nc7+,Kd7,Nb5,Bb4+,Ke2,Re8+,Kf3,Be4+,dxe4,Nxe4,Rhe1,Rf8+,Kxe4,Bxe1,Rxe1,Re8+,Kxd4,Rxe1,Bd2,Kc6,Nxa7+,Kb6,Nc8+,Kc7,Ne7,Kd7,Nf5,Rd1,Kd3",67
54026962c58e116680c614d648b5dbf6ea7aa800,Atul17,dosa15,2020.08.12,Black,120+0,Grob Opening,1500,1333,Normal,Standard,"g4,e5,Bg2,Nc6,e3,d5,d4,Nf6,dxe5,Nxe5,Nf3,Bxg4,Bd2,Bc5,O-O,O-O,Qe1,Nxf3+,Bxf3,Bxf3,e4,Nxe4,Bg5,Qxg5#",24
dad759270ab8c79162fb2da32a5b07ebf0f679dd,dosa15,Atul17,2020.08.12,White,120+0,King's Pawn Game: Damiano Defense,1333,1500,Normal,Standard,"e4,e5,Nf3,f6,d4,Bb4+,c3,Bd6,Bc4,exd4,Qxd4,Nc6,Qd5,Nge7,Qf7#",15
8af7caafce9c386fba5dcaa1437854d71c3cddf5,Atul17,dosa15,2020.08.12,White,120+0,King's Pawn Game: Wayward Queen Attack,1500,1333,Normal,Standard,"e4,e5,Qh5,Nc6,Bc4,Nf6,Qxf7#",7
fb19e2a7d83cc5cdfe28836fa34b8f42533a2b9e,Atul17,dosa15,2020.08.12,Black,60+0,Scandinavian Defense,1500,1333,Time forfeit,Standard,"e4,d5,Bd3,Nf6,Nf3,e5,c4,Nc6,cxd5,Nd4,Nxd4,exd4,Qa4+,c6,Qb3,Qc7,Na3,Bd7,dxc6,Bxc6,Bb5,Bxa3,Qxa3,Nxe4,Bxc6+,Qxc6,Qf3,O-O,d3,Ng5,Qxc6,bxc6,Bxg5,Rfe8+,Kd1,f6,Re1,Rxe1+,Kxe1,fxg5,b4,Re8+,Kd1,a6,g3,g6,f4,g4,f5,Re3",50
1ff3eb145e6d47a66e85fe864df9fc6d6dd917ff,Atul17,dosa15,2020.08.11,Black,60+0,Queen's Pawn Game: Mason Attack,1500,1333,Time forfeit,Standard,"f4,d5,d4,Nc6,Nf3,Bf5,g3,Nf6,Bh3,Bxh3,Ng5,Bg2,Rg1,Be4,Nd2,Nxd4,Ndxe4,Nxe4,Nxe4,dxe4,f5,e3,Bxe3,Nxf5,Bf4,e5,Qxd8+,Rxd8,Bxe5,Bd6,Bxd6,Rxd6,Rf1,Ne3,Rd1,Rxd1+",36
dce6bc33d20bd9ab1f547f2e9058fd6009e47ba2,dosa15,Atul17,2020.08.11,White,60+0,Queen's Pawn Game: London System,1333,1500,Time forfeit,Standard,"d4,d5,Nf3,Nf6,Bf4,e6,e3,Nc6,c4,a5,Nc3,dxc4,Bxc4,Ra6,Bxa6,bxa6,O-O,Nb4,Qb3,Nc6,Qa4,Bd6,Bxd6,Bd7,Ne5,Qb8,Nxc6,Qxb2,Rab1,Qxc3,Rb8+,Bc8,Rxc8+,Kd7,Na7+,Kxd6,Rxh8",37
001b2656af12ffc90b963c22a4401d661ab5be77,Atul17,dosa15,2020.08.11,Black,60+0,King's Pawn Game: Leonardis Variation,1500,1333,Time forfeit,Standard,"e4,e5,d3,Nf6,Nf3,Nc6,Bg5,Bc5,Bxf6,Qxf6,Nc3,O-O,Nd5,Qe6,Nxc7,Qh6,Nxa8,d6,Be2,Bg4,c4,Rxa8,Nd2,Bb4,Bxg4,Bxd2+,Qxd2,Qh4,g3,Qxg4,f3,Qxf3,Rf1,Qh5,Rf5,Qg4,Qe2,h5,Qxg4,hxg4,Rh5,Nd4,Rh8+,Kxh8",44
6705c7bf13c5755f5384171993ceff6e95e453e1,dosa15,Atul17,2020.08.11,Black,60+0,Zukertort Opening: Vos Gambit,1333,1500,Time forfeit,Standard,"d4,e5,Nf3,d6,dxe5,dxe5,Nxe5,f6,Nd3,Bf5,Bf4,Bxd3,exd3,Qe7+,Qe2,Nc6,Bxc7,Rc8,Bg3,Rd8,Nc3,Nd4,Qxe7+,Kxe7,Be2,Nxc2+,Kd2,Nxa1,Rxa1,Rd7,Bg4,g5,Bxd7,Kxd7,Nd5,Bb4+,Kd1,Ne7,Rc1,Rc8,Nxb4,Rxc1+,Kxc1,a5",44
36b2237c6c5db6901a88d21176e25ddc3a92502d,dosa15,Atul17,2020.08.11,White,60+8,Elephant Gambit,1500,1500,Normal,Standard,"e4,e5,Nf3,d5,Nc3,c6,Bb5,cxb5,O-O,Bg4,h3,Be6,d3,dxe4,Nxe4,Bc5,Bg5,f6,Be3,Bxe3,fxe3,f5,Nxe5,fxe4,Qh5+,g6,Qe2,Nc6,Qf2,Nxe5,Qf8+,Kd7,Qc5,Rc8,Qxe5,Rxc2,dxe4,Qe7,Qxh8,Rxb2,Qd4+,Ke8,Qxb2,Bxh3,Qxb5+,Kd8,Rfd1+,Kc8,Rac1+,Kb8,Rd7,Qxe4,Rd8+,Bc8,Rcxc8#",55
e91157879ec24c13d594a43ce91b1dc9f56dd300,Atul17,dosa15,2020.08.11,Black,60+0,Vienna Game: Falkbeer Variation,1500,1333,Time forfeit,Standard,"e4,e5,Nc3,Nf6,d4,Bb4,Be3,Nc6,a3,exd4,Bxd4,Nxd4,axb4,c5,bxc5,Nb5,Bxb5,a6,Bc4,d5,Nxd5,Qe7,Nxf6+,Qxf6,Qd5,Be6,Qxb7,O-O,Bxe6,Qxe6,Nf3,Rab8,Qc6,Rfe8,Qxe6,Rxe6,Nd4,Rxe4+,Kf1,Rxd4",40
9950f4353cef41c264646170ecb01c097bc49763,dosa15,Atul17,2020.08.11,White,60+0,Four Knights Game: Italian Variation,1333,1500,Time forfeit,Standard,"e4,e5,Nf3,Nc6,Nc3,Nf6,Bc4,d5,d4,Be6,Bxd5,Bxd5,Bg5,Bxe4,Nd5,h6,Bxf6,gxf6,Nxf6+,Qxf6,Nxe5,Qxe5,dxe5,Nxe5,O-O,Rd8,Qe2,f6,Rad1,Rxd1,Qxe4,Kd8,Rxd1+,Kc8,Qxe5,Bd6,Qe6+,Kb8,Qxf6",39
8109f6ade15f2890bda16296c823e93f17e04716,Atul17,dosa15,2020.08.08,Black,1800+0,Alekhine Defense,1500,1500,Normal,Standard,"e4,Nf6,f4,Nxe4,Qe2,d5,Qb5+,c6,Qb4,e5,Qb3,Qh4+,g3,Qg4,c4,Bc5,d4,Bxd4,Be3,dxc4,Qc2,Bxe3,Qxe4,Bd4,h3,Qxg3+,Kd1,O-O,Bxc4,Rd8,Ne2,Bxb2+,Kc2,Qg6,Nd2,Bxa1,Rxa1,Bf5,Ng3,Bxe4+,Ngxe4,Rxd2+,Kxd2,Qxe4,Kc3,Qd4+,Kc2,Qxa1,Bb3,Na6,fxe5,Rd8,a4,Nb4#",54
f4d982255f0831ed689fccab69b6cb954e88a27b,dosa15,Atul17,2020.08.08,White,600+0,Scotch Game,1500,1500,Normal,Standard,"d4,e5,Nf3,Nc6,e4,d6,Bb5,a6,d5,axb5,dxc6,bxc6,Nc3,d5,Bd2,b4,Ne2,dxe4,Nxe5,Bd6,Nxc6,Qd7,Nxb4,Bxb4,Bxb4,Rb8,a3,Nf6,O-O,Qb5,Nd4,Qc4,f3,e3,Re1,c5,Rxe3+,Kf8,Nc6,Rb6,Qd8+,Ne8,Qxe8#",43
e79307d511729eb42f21d9d553b87d4382a2ba92,dosa15,Atul17,2020.08.04,White,-,Caro-Kann Defense,1500,1500,Normal,Standard,"e4,c6,Nc3,b5,d4,e5,dxe5,Be7,Nf3,d5,Bf4,Nd7,Bd3,dxe4,Nxe4,Qc7,O-O,Nc5,Nxc5,Bxc5,Qd2,Bb7,Rfe1,O-O-O,Bf5+,Kb8,e6,Rxd2,Bxc7+,Kxc7,Nxd2,Nh6,e7,Nxf5,e8=Q,Rxe8,Rxe8,Nd6,Re7+,Kd8,Rae1,Nf5,Rxb7,f6,Ne4,Be7,g4,Nd6,Nxd6,Bxd6,Rd1,Kc8,Rxa7,Bb8,Rad7,Be5,Rd8+,Kb7,R8d7+,Kb6,Rxg7,b4,Rxh7,Bxb2,Rb1,Ba3,c3,c5,Rh6,Ka5,Rxf6,bxc3,Rf8,Ka4,Ra8#",75
